filepath,label,label_bin
Dataset/train/malignant\321.jpg,malignant,1
Dataset/train/malignant\175.jpg,malignant,1
Dataset/train/malignant\1180.jpg,malignant,1
Dataset/train/benign\1078.jpg,benign,0
Dataset/train/malignant\1486.jpg,malignant,1
Dataset/train/malignant\393.jpg,malignant,1
Dataset/train/benign\440.jpg,benign,0
Dataset/train/malignant\935.jpg,malignant,1
Dataset/train/malignant\642.jpg,malignant,1
Dataset/train/malignant\1121.jpg,malignant,1
Dataset/train/malignant\213.jpg,malignant,1
Dataset/train/benign\1482.jpg,benign,0
Dataset/train/benign\290.jpg,benign,0
Dataset/train/benign\1000.jpg,benign,0
Dataset/train/benign\1660.jpg,benign,0
Dataset/train/malignant\1140.jpg,malignant,1
Dataset/train/malignant\457.jpg,malignant,1
Dataset/train/malignant\1426.jpg,malignant,1
Dataset/train/malignant\396.jpg,malignant,1
Dataset/train/benign\157.jpg,benign,0
Dataset/train/malignant\636.jpg,malignant,1
Dataset/train/benign\81.jpg,benign,0
Dataset/train/benign\1229.jpg,benign,0
Dataset/train/malignant\889.jpg,malignant,1
Dataset/train/benign\382.jpg,benign,0
Dataset/train/malignant\222.jpg,malignant,1
Dataset/train/benign\1532.jpg,benign,0
Dataset/train/benign\599.jpg,benign,0
Dataset/train/benign\1612.jpg,benign,0
Dataset/train/malignant\1372.jpg,malignant,1
Dataset/train/benign\203.jpg,benign,0
Dataset/train/benign\315.jpg,benign,0
Dataset/train/benign\995.jpg,benign,0
Dataset/train/malignant\9.jpg,malignant,1
Dataset/train/benign\453.jpg,benign,0
Dataset/train/malignant\1460.jpg,malignant,1
Dataset/train/benign\1149.jpg,benign,0
Dataset/train/benign\1011.jpg,benign,0
Dataset/train/benign\1685.jpg,benign,0
Dataset/train/malignant\922.jpg,malignant,1
Dataset/train/benign\997.jpg,benign,0
Dataset/train/malignant\798.jpg,malignant,1
Dataset/train/malignant\48.jpg,malignant,1
Dataset/train/benign\1337.jpg,benign,0
Dataset/train/malignant\680.jpg,malignant,1
Dataset/train/malignant\395.jpg,malignant,1
Dataset/train/benign\1344.jpg,benign,0
Dataset/train/malignant\1111.jpg,malignant,1
Dataset/train/benign\860.jpg,benign,0
Dataset/train/malignant\102.jpg,malignant,1
Dataset/train/benign\879.jpg,benign,0
Dataset/train/malignant\611.jpg,malignant,1
Dataset/train/benign\142.jpg,benign,0
Dataset/train/benign\1107.jpg,benign,0
Dataset/train/malignant\661.jpg,malignant,1
Dataset/train/benign\1398.jpg,benign,0
Dataset/train/benign\695.jpg,benign,0
Dataset/train/malignant\1446.jpg,malignant,1
Dataset/train/malignant\1053.jpg,malignant,1
Dataset/train/benign\1217.jpg,benign,0
Dataset/train/malignant\34.jpg,malignant,1
Dataset/train/benign\1046.jpg,benign,0
Dataset/train/malignant\904.jpg,malignant,1
Dataset/train/malignant\245.jpg,malignant,1
Dataset/train/benign\274.jpg,benign,0
Dataset/train/benign\922.jpg,benign,0
Dataset/train/benign\166.jpg,benign,0
Dataset/train/benign\41.jpg,benign,0
Dataset/train/benign\544.jpg,benign,0
Dataset/train/benign\1221.jpg,benign,0
Dataset/train/malignant\1236.jpg,malignant,1
Dataset/train/benign\752.jpg,benign,0
Dataset/train/benign\1294.jpg,benign,0
Dataset/train/benign\1239.jpg,benign,0
Dataset/train/malignant\1011.jpg,malignant,1
Dataset/train/benign\1082.jpg,benign,0
Dataset/train/malignant\104.jpg,malignant,1
Dataset/train/malignant\1403.jpg,malignant,1
Dataset/train/benign\1318.jpg,benign,0
Dataset/train/malignant\41.jpg,malignant,1
Dataset/train/malignant\1193.jpg,malignant,1
Dataset/train/malignant\974.jpg,malignant,1
Dataset/train/malignant\1269.jpg,malignant,1
Dataset/train/benign\955.jpg,benign,0
Dataset/train/benign\989.jpg,benign,0
Dataset/train/malignant\1410.jpg,malignant,1
Dataset/train/malignant\553.jpg,malignant,1
Dataset/train/benign\1663.jpg,benign,0
Dataset/train/malignant\823.jpg,malignant,1
Dataset/train/benign\1725.jpg,benign,0
Dataset/train/malignant\495.jpg,malignant,1
Dataset/train/benign\270.jpg,benign,0
Dataset/train/malignant\1305.jpg,malignant,1
Dataset/train/benign\538.jpg,benign,0
Dataset/train/malignant\203.jpg,malignant,1
Dataset/train/malignant\113.jpg,malignant,1
Dataset/train/benign\1424.jpg,benign,0
Dataset/train/benign\1413.jpg,benign,0
Dataset/train/malignant\475.jpg,malignant,1
Dataset/train/benign\340.jpg,benign,0
Dataset/train/malignant\647.jpg,malignant,1
Dataset/train/malignant\1125.jpg,malignant,1
Dataset/train/malignant\741.jpg,malignant,1
Dataset/train/benign\698.jpg,benign,0
Dataset/train/benign\199.jpg,benign,0
Dataset/train/benign\476.jpg,benign,0
Dataset/train/malignant\796.jpg,malignant,1
Dataset/train/malignant\620.jpg,malignant,1
Dataset/train/benign\508.jpg,benign,0
Dataset/train/malignant\566.jpg,malignant,1
Dataset/train/malignant\552.jpg,malignant,1
Dataset/train/malignant\223.jpg,malignant,1
Dataset/train/malignant\549.jpg,malignant,1
Dataset/train/malignant\1302.jpg,malignant,1
Dataset/train/malignant\31.jpg,malignant,1
Dataset/train/benign\7.jpg,benign,0
Dataset/train/malignant\967.jpg,malignant,1
Dataset/train/malignant\1247.jpg,malignant,1
Dataset/train/malignant\90.jpg,malignant,1
Dataset/train/benign\622.jpg,benign,0
Dataset/train/malignant\717.jpg,malignant,1
Dataset/train/benign\856.jpg,benign,0
Dataset/train/benign\374.jpg,benign,0
Dataset/train/benign\1781.jpg,benign,0
Dataset/train/benign\1345.jpg,benign,0
Dataset/train/benign\474.jpg,benign,0
Dataset/train/malignant\1217.jpg,malignant,1
Dataset/train/malignant\775.jpg,malignant,1
Dataset/train/benign\1238.jpg,benign,0
Dataset/train/benign\1510.jpg,benign,0
Dataset/train/malignant\1233.jpg,malignant,1
Dataset/train/benign\1416.jpg,benign,0
Dataset/train/malignant\962.jpg,malignant,1
Dataset/train/malignant\865.jpg,malignant,1
Dataset/train/benign\846.jpg,benign,0
Dataset/train/benign\221.jpg,benign,0
Dataset/train/malignant\1444.jpg,malignant,1
Dataset/train/malignant\174.jpg,malignant,1
Dataset/train/benign\1771.jpg,benign,0
Dataset/train/benign\1389.jpg,benign,0
Dataset/train/benign\318.jpg,benign,0
Dataset/train/benign\467.jpg,benign,0
Dataset/train/benign\980.jpg,benign,0
Dataset/train/malignant\1421.jpg,malignant,1
Dataset/train/malignant\980.jpg,malignant,1
Dataset/train/benign\177.jpg,benign,0
Dataset/train/benign\341.jpg,benign,0
Dataset/train/malignant\1404.jpg,malignant,1
Dataset/train/benign\1391.jpg,benign,0
Dataset/train/benign\1594.jpg,benign,0
Dataset/train/benign\901.jpg,benign,0
Dataset/train/benign\1679.jpg,benign,0
Dataset/train/malignant\1392.jpg,malignant,1
Dataset/train/benign\1544.jpg,benign,0
Dataset/train/benign\1174.jpg,benign,0
Dataset/train/benign\102.jpg,benign,0
Dataset/train/malignant\477.jpg,malignant,1
Dataset/train/benign\1306.jpg,benign,0
Dataset/train/benign\1776.jpg,benign,0
Dataset/train/malignant\1413.jpg,malignant,1
Dataset/train/benign\400.jpg,benign,0
Dataset/train/malignant\933.jpg,malignant,1
Dataset/train/malignant\958.jpg,malignant,1
Dataset/train/benign\905.jpg,benign,0
Dataset/train/malignant\522.jpg,malignant,1
Dataset/train/malignant\1001.jpg,malignant,1
Dataset/train/benign\162.jpg,benign,0
Dataset/train/malignant\807.jpg,malignant,1
Dataset/train/benign\1563.jpg,benign,0
Dataset/train/benign\1257.jpg,benign,0
Dataset/train/benign\546.jpg,benign,0
Dataset/train/benign\1765.jpg,benign,0
Dataset/train/benign\873.jpg,benign,0
Dataset/train/benign\662.jpg,benign,0
Dataset/train/malignant\1458.jpg,malignant,1
Dataset/train/benign\780.jpg,benign,0
Dataset/train/malignant\387.jpg,malignant,1
Dataset/train/malignant\482.jpg,malignant,1
Dataset/train/benign\981.jpg,benign,0
Dataset/train/benign\1763.jpg,benign,0
Dataset/train/benign\168.jpg,benign,0
Dataset/train/benign\282.jpg,benign,0
Dataset/train/malignant\790.jpg,malignant,1
Dataset/train/malignant\574.jpg,malignant,1
Dataset/train/benign\1005.jpg,benign,0
Dataset/train/benign\1287.jpg,benign,0
Dataset/train/benign\1225.jpg,benign,0
Dataset/train/malignant\465.jpg,malignant,1
Dataset/train/malignant\870.jpg,malignant,1
Dataset/train/malignant\1052.jpg,malignant,1
Dataset/train/benign\718.jpg,benign,0
Dataset/train/malignant\1353.jpg,malignant,1
Dataset/train/benign\583.jpg,benign,0
Dataset/train/malignant\945.jpg,malignant,1
Dataset/train/benign\1333.jpg,benign,0
Dataset/train/malignant\1138.jpg,malignant,1
Dataset/train/benign\123.jpg,benign,0
Dataset/train/malignant\1260.jpg,malignant,1
Dataset/train/benign\1536.jpg,benign,0
Dataset/train/benign\1713.jpg,benign,0
Dataset/train/benign\1549.jpg,benign,0
Dataset/train/malignant\36.jpg,malignant,1
Dataset/train/benign\1186.jpg,benign,0
Dataset/train/malignant\645.jpg,malignant,1
Dataset/train/benign\187.jpg,benign,0
Dataset/train/malignant\137.jpg,malignant,1
Dataset/train/benign\764.jpg,benign,0
Dataset/train/benign\181.jpg,benign,0
Dataset/train/benign\592.jpg,benign,0
Dataset/train/benign\1789.jpg,benign,0
Dataset/train/benign\1209.jpg,benign,0
Dataset/train/malignant\1407.jpg,malignant,1
Dataset/train/benign\618.jpg,benign,0
Dataset/train/benign\339.jpg,benign,0
Dataset/train/malignant\512.jpg,malignant,1
Dataset/train/benign\28.jpg,benign,0
Dataset/train/benign\1165.jpg,benign,0
Dataset/train/malignant\151.jpg,malignant,1
Dataset/train/malignant\1258.jpg,malignant,1
Dataset/train/benign\377.jpg,benign,0
Dataset/train/malignant\1031.jpg,malignant,1
Dataset/train/benign\684.jpg,benign,0
Dataset/train/benign\1212.jpg,benign,0
Dataset/train/benign\269.jpg,benign,0
Dataset/train/benign\1697.jpg,benign,0
Dataset/train/malignant\977.jpg,malignant,1
Dataset/train/benign\711.jpg,benign,0
Dataset/train/benign\1432.jpg,benign,0
Dataset/train/malignant\758.jpg,malignant,1
Dataset/train/benign\1317.jpg,benign,0
Dataset/train/malignant\289.jpg,malignant,1
Dataset/train/malignant\1492.jpg,malignant,1
Dataset/train/malignant\810.jpg,malignant,1
Dataset/train/malignant\111.jpg,malignant,1
Dataset/train/benign\1084.jpg,benign,0
Dataset/train/malignant\1108.jpg,malignant,1
Dataset/train/benign\1509.jpg,benign,0
Dataset/train/benign\314.jpg,benign,0
Dataset/train/benign\497.jpg,benign,0
Dataset/train/benign\139.jpg,benign,0
Dataset/train/malignant\925.jpg,malignant,1
Dataset/train/malignant\30.jpg,malignant,1
Dataset/train/malignant\452.jpg,malignant,1
Dataset/train/benign\556.jpg,benign,0
Dataset/train/benign\1220.jpg,benign,0
Dataset/train/benign\334.jpg,benign,0
Dataset/train/malignant\464.jpg,malignant,1
Dataset/train/malignant\555.jpg,malignant,1
Dataset/train/malignant\324.jpg,malignant,1
Dataset/train/benign\1683.jpg,benign,0
Dataset/train/benign\1325.jpg,benign,0
Dataset/train/malignant\239.jpg,malignant,1
Dataset/train/malignant\1456.jpg,malignant,1
Dataset/train/malignant\420.jpg,malignant,1
Dataset/train/malignant\285.jpg,malignant,1
Dataset/train/benign\223.jpg,benign,0
Dataset/train/malignant\815.jpg,malignant,1
Dataset/train/malignant\999.jpg,malignant,1
Dataset/train/malignant\923.jpg,malignant,1
Dataset/train/benign\272.jpg,benign,0
Dataset/train/malignant\1480.jpg,malignant,1
Dataset/train/benign\950.jpg,benign,0
Dataset/train/malignant\309.jpg,malignant,1
Dataset/train/malignant\125.jpg,malignant,1
Dataset/train/malignant\243.jpg,malignant,1
Dataset/train/malignant\685.jpg,malignant,1
Dataset/train/malignant\308.jpg,malignant,1
Dataset/train/benign\537.jpg,benign,0
Dataset/train/benign\1410.jpg,benign,0
Dataset/train/benign\46.jpg,benign,0
Dataset/train/benign\948.jpg,benign,0
Dataset/train/benign\99.jpg,benign,0
Dataset/train/benign\511.jpg,benign,0
Dataset/train/benign\1556.jpg,benign,0
Dataset/train/benign\1396.jpg,benign,0
Dataset/train/benign\1584.jpg,benign,0
Dataset/train/malignant\261.jpg,malignant,1
Dataset/train/malignant\325.jpg,malignant,1
Dataset/train/benign\1279.jpg,benign,0
Dataset/train/benign\1152.jpg,benign,0
Dataset/train/malignant\1174.jpg,malignant,1
Dataset/train/malignant\55.jpg,malignant,1
Dataset/train/benign\1609.jpg,benign,0
Dataset/train/benign\1524.jpg,benign,0
Dataset/train/malignant\157.jpg,malignant,1
Dataset/train/benign\1105.jpg,benign,0
Dataset/train/benign\36.jpg,benign,0
Dataset/train/benign\843.jpg,benign,0
Dataset/train/malignant\416.jpg,malignant,1
Dataset/train/malignant\1131.jpg,malignant,1
Dataset/train/malignant\456.jpg,malignant,1
Dataset/train/benign\1121.jpg,benign,0
Dataset/train/benign\1004.jpg,benign,0
Dataset/train/benign\1568.jpg,benign,0
Dataset/train/malignant\1411.jpg,malignant,1
Dataset/train/benign\1137.jpg,benign,0
Dataset/train/malignant\259.jpg,malignant,1
Dataset/train/benign\72.jpg,benign,0
Dataset/train/benign\1621.jpg,benign,0
Dataset/train/benign\915.jpg,benign,0
Dataset/train/malignant\230.jpg,malignant,1
Dataset/train/malignant\1230.jpg,malignant,1
Dataset/train/malignant\787.jpg,malignant,1
Dataset/train/benign\886.jpg,benign,0
Dataset/train/malignant\425.jpg,malignant,1
Dataset/train/benign\688.jpg,benign,0
Dataset/train/benign\1622.jpg,benign,0
Dataset/train/benign\1641.jpg,benign,0
Dataset/train/benign\118.jpg,benign,0
Dataset/train/benign\487.jpg,benign,0
Dataset/train/malignant\639.jpg,malignant,1
Dataset/train/malignant\61.jpg,malignant,1
Dataset/train/benign\775.jpg,benign,0
Dataset/train/benign\529.jpg,benign,0
Dataset/train/benign\464.jpg,benign,0
Dataset/train/benign\1038.jpg,benign,0
Dataset/train/benign\3.jpg,benign,0
Dataset/train/benign\120.jpg,benign,0
Dataset/train/malignant\963.jpg,malignant,1
Dataset/train/benign\1420.jpg,benign,0
Dataset/train/benign\1355.jpg,benign,0
Dataset/train/benign\1411.jpg,benign,0
Dataset/train/benign\1079.jpg,benign,0
Dataset/train/benign\1329.jpg,benign,0
Dataset/train/benign\810.jpg,benign,0
Dataset/train/benign\200.jpg,benign,0
Dataset/train/benign\816.jpg,benign,0
Dataset/train/benign\1021.jpg,benign,0
Dataset/train/benign\837.jpg,benign,0
Dataset/train/malignant\297.jpg,malignant,1
Dataset/train/benign\182.jpg,benign,0
Dataset/train/benign\136.jpg,benign,0
Dataset/train/benign\677.jpg,benign,0
Dataset/train/benign\1796.jpg,benign,0
Dataset/train/benign\1709.jpg,benign,0
Dataset/train/malignant\1308.jpg,malignant,1
Dataset/train/malignant\497.jpg,malignant,1
Dataset/train/benign\6.jpg,benign,0
Dataset/train/benign\482.jpg,benign,0
Dataset/train/benign\1041.jpg,benign,0
Dataset/train/benign\448.jpg,benign,0
Dataset/train/malignant\476.jpg,malignant,1
Dataset/train/malignant\888.jpg,malignant,1
Dataset/train/benign\761.jpg,benign,0
Dataset/train/benign\978.jpg,benign,0
Dataset/train/malignant\764.jpg,malignant,1
Dataset/train/benign\836.jpg,benign,0
Dataset/train/benign\1508.jpg,benign,0
Dataset/train/benign\563.jpg,benign,0
Dataset/train/malignant\284.jpg,malignant,1
Dataset/train/malignant\1398.jpg,malignant,1
Dataset/train/malignant\718.jpg,malignant,1
Dataset/train/malignant\819.jpg,malignant,1
Dataset/train/benign\1246.jpg,benign,0
Dataset/train/malignant\578.jpg,malignant,1
Dataset/train/malignant\411.jpg,malignant,1
Dataset/train/malignant\1010.jpg,malignant,1
Dataset/train/malignant\47.jpg,malignant,1
Dataset/train/benign\550.jpg,benign,0
Dataset/train/benign\40.jpg,benign,0
Dataset/train/benign\1040.jpg,benign,0
Dataset/train/benign\672.jpg,benign,0
Dataset/train/malignant\488.jpg,malignant,1
Dataset/train/benign\619.jpg,benign,0
Dataset/train/malignant\341.jpg,malignant,1
Dataset/train/malignant\176.jpg,malignant,1
Dataset/train/benign\360.jpg,benign,0
Dataset/train/benign\1043.jpg,benign,0
Dataset/train/malignant\1304.jpg,malignant,1
Dataset/train/benign\1097.jpg,benign,0
Dataset/train/benign\398.jpg,benign,0
Dataset/train/malignant\183.jpg,malignant,1
Dataset/train/malignant\1323.jpg,malignant,1
Dataset/train/benign\908.jpg,benign,0
Dataset/train/benign\1583.jpg,benign,0
Dataset/train/benign\1645.jpg,benign,0
Dataset/train/malignant\1299.jpg,malignant,1
Dataset/train/benign\294.jpg,benign,0
Dataset/train/malignant\1391.jpg,malignant,1
Dataset/train/benign\809.jpg,benign,0
Dataset/train/malignant\271.jpg,malignant,1
Dataset/train/benign\931.jpg,benign,0
Dataset/train/benign\1633.jpg,benign,0
Dataset/train/malignant\170.jpg,malignant,1
Dataset/train/benign\1076.jpg,benign,0
Dataset/train/malignant\582.jpg,malignant,1
Dataset/train/benign\526.jpg,benign,0
Dataset/train/benign\413.jpg,benign,0
Dataset/train/malignant\194.jpg,malignant,1
Dataset/train/benign\976.jpg,benign,0
Dataset/train/benign\963.jpg,benign,0
Dataset/train/benign\1588.jpg,benign,0
Dataset/train/benign\1161.jpg,benign,0
Dataset/train/malignant\1073.jpg,malignant,1
Dataset/train/malignant\1203.jpg,malignant,1
Dataset/train/malignant\21.jpg,malignant,1
Dataset/train/benign\1096.jpg,benign,0
Dataset/train/benign\266.jpg,benign,0
Dataset/train/benign\492.jpg,benign,0
Dataset/train/benign\366.jpg,benign,0
Dataset/train/benign\1484.jpg,benign,0
Dataset/train/benign\1113.jpg,benign,0
Dataset/train/malignant\892.jpg,malignant,1
Dataset/train/benign\1010.jpg,benign,0
Dataset/train/malignant\632.jpg,malignant,1
Dataset/train/benign\381.jpg,benign,0
Dataset/train/malignant\698.jpg,malignant,1
Dataset/train/malignant\1365.jpg,malignant,1
Dataset/train/malignant\824.jpg,malignant,1
Dataset/train/benign\1093.jpg,benign,0
Dataset/train/malignant\1418.jpg,malignant,1
Dataset/train/benign\1083.jpg,benign,0
Dataset/train/malignant\1469.jpg,malignant,1
Dataset/train/malignant\1337.jpg,malignant,1
Dataset/train/malignant\926.jpg,malignant,1
Dataset/train/malignant\715.jpg,malignant,1
Dataset/train/benign\415.jpg,benign,0
Dataset/train/malignant\70.jpg,malignant,1
Dataset/train/malignant\127.jpg,malignant,1
Dataset/train/benign\1623.jpg,benign,0
Dataset/train/benign\236.jpg,benign,0
Dataset/train/malignant\880.jpg,malignant,1
Dataset/train/benign\327.jpg,benign,0
Dataset/train/benign\547.jpg,benign,0
Dataset/train/malignant\691.jpg,malignant,1
Dataset/train/malignant\1315.jpg,malignant,1
Dataset/train/malignant\601.jpg,malignant,1
Dataset/train/benign\1298.jpg,benign,0
Dataset/train/malignant\981.jpg,malignant,1
Dataset/train/benign\1600.jpg,benign,0
Dataset/train/benign\1167.jpg,benign,0
Dataset/train/benign\212.jpg,benign,0
Dataset/train/benign\1469.jpg,benign,0
Dataset/train/malignant\751.jpg,malignant,1
Dataset/train/benign\910.jpg,benign,0
Dataset/train/malignant\155.jpg,malignant,1
Dataset/train/malignant\315.jpg,malignant,1
Dataset/train/benign\1779.jpg,benign,0
Dataset/train/benign\1736.jpg,benign,0
Dataset/train/malignant\878.jpg,malignant,1
Dataset/train/malignant\1263.jpg,malignant,1
Dataset/train/benign\591.jpg,benign,0
Dataset/train/malignant\212.jpg,malignant,1
Dataset/train/benign\1296.jpg,benign,0
Dataset/train/malignant\500.jpg,malignant,1
Dataset/train/benign\739.jpg,benign,0
Dataset/train/malignant\1078.jpg,malignant,1
Dataset/train/benign\320.jpg,benign,0
Dataset/train/malignant\485.jpg,malignant,1
Dataset/train/benign\600.jpg,benign,0
Dataset/train/malignant\931.jpg,malignant,1
Dataset/train/malignant\1084.jpg,malignant,1
Dataset/train/malignant\617.jpg,malignant,1
Dataset/train/benign\206.jpg,benign,0
Dataset/train/malignant\1363.jpg,malignant,1
Dataset/train/malignant\1485.jpg,malignant,1
Dataset/train/malignant\813.jpg,malignant,1
Dataset/train/benign\1106.jpg,benign,0
Dataset/train/benign\350.jpg,benign,0
Dataset/train/malignant\861.jpg,malignant,1
Dataset/train/benign\974.jpg,benign,0
Dataset/train/benign\324.jpg,benign,0
Dataset/train/benign\1444.jpg,benign,0
Dataset/train/benign\1428.jpg,benign,0
Dataset/train/benign\373.jpg,benign,0
Dataset/train/benign\1744.jpg,benign,0
Dataset/train/benign\312.jpg,benign,0
Dataset/train/benign\947.jpg,benign,0
Dataset/train/malignant\205.jpg,malignant,1
Dataset/train/benign\1703.jpg,benign,0
Dataset/train/malignant\388.jpg,malignant,1
Dataset/train/malignant\1335.jpg,malignant,1
Dataset/train/benign\1188.jpg,benign,0
Dataset/train/malignant\123.jpg,malignant,1
Dataset/train/benign\1671.jpg,benign,0
Dataset/train/benign\60.jpg,benign,0
Dataset/train/benign\1315.jpg,benign,0
Dataset/train/malignant\707.jpg,malignant,1
Dataset/train/malignant\563.jpg,malignant,1
Dataset/train/malignant\469.jpg,malignant,1
Dataset/train/malignant\334.jpg,malignant,1
Dataset/train/benign\143.jpg,benign,0
Dataset/train/benign\848.jpg,benign,0
Dataset/train/benign\67.jpg,benign,0
Dataset/train/malignant\1068.jpg,malignant,1
Dataset/train/malignant\1061.jpg,malignant,1
Dataset/train/benign\1741.jpg,benign,0
Dataset/train/benign\1380.jpg,benign,0
Dataset/train/malignant\1396.jpg,malignant,1
Dataset/train/malignant\344.jpg,malignant,1
Dataset/train/benign\771.jpg,benign,0
Dataset/train/benign\863.jpg,benign,0
Dataset/train/malignant\1090.jpg,malignant,1
Dataset/train/malignant\1390.jpg,malignant,1
Dataset/train/malignant\588.jpg,malignant,1
Dataset/train/malignant\678.jpg,malignant,1
Dataset/train/benign\1140.jpg,benign,0
Dataset/train/malignant\281.jpg,malignant,1
Dataset/train/benign\1558.jpg,benign,0
Dataset/train/benign\248.jpg,benign,0
Dataset/train/benign\549.jpg,benign,0
Dataset/train/malignant\738.jpg,malignant,1
Dataset/train/malignant\1034.jpg,malignant,1
Dataset/train/benign\637.jpg,benign,0
Dataset/train/benign\651.jpg,benign,0
Dataset/train/benign\498.jpg,benign,0
Dataset/train/malignant\1371.jpg,malignant,1
Dataset/train/malignant\834.jpg,malignant,1
Dataset/train/benign\1068.jpg,benign,0
Dataset/train/benign\1777.jpg,benign,0
Dataset/train/malignant\594.jpg,malignant,1
Dataset/train/malignant\1079.jpg,malignant,1
Dataset/train/malignant\27.jpg,malignant,1
Dataset/train/benign\62.jpg,benign,0
Dataset/train/malignant\1096.jpg,malignant,1
Dataset/train/benign\606.jpg,benign,0
Dataset/train/benign\455.jpg,benign,0
Dataset/train/benign\1262.jpg,benign,0
Dataset/train/malignant\869.jpg,malignant,1
Dataset/train/benign\787.jpg,benign,0
Dataset/train/benign\299.jpg,benign,0
Dataset/train/malignant\1202.jpg,malignant,1
Dataset/train/benign\553.jpg,benign,0
Dataset/train/benign\1422.jpg,benign,0
Dataset/train/benign\1581.jpg,benign,0
Dataset/train/malignant\128.jpg,malignant,1
Dataset/train/benign\43.jpg,benign,0
Dataset/train/malignant\391.jpg,malignant,1
Dataset/train/benign\817.jpg,benign,0
Dataset/train/malignant\1360.jpg,malignant,1
Dataset/train/malignant\543.jpg,malignant,1
Dataset/train/benign\671.jpg,benign,0
Dataset/train/benign\657.jpg,benign,0
Dataset/train/benign\1120.jpg,benign,0
Dataset/train/benign\20.jpg,benign,0
Dataset/train/benign\225.jpg,benign,0
Dataset/train/malignant\1442.jpg,malignant,1
Dataset/train/benign\1210.jpg,benign,0
Dataset/train/malignant\273.jpg,malignant,1
Dataset/train/malignant\725.jpg,malignant,1
Dataset/train/benign\1778.jpg,benign,0
Dataset/train/malignant\1036.jpg,malignant,1
Dataset/train/benign\59.jpg,benign,0
Dataset/train/benign\353.jpg,benign,0
Dataset/train/benign\1291.jpg,benign,0
Dataset/train/malignant\1270.jpg,malignant,1
Dataset/train/benign\1341.jpg,benign,0
Dataset/train/malignant\979.jpg,malignant,1
Dataset/train/malignant\187.jpg,malignant,1
Dataset/train/malignant\903.jpg,malignant,1
Dataset/train/benign\1028.jpg,benign,0
Dataset/train/benign\30.jpg,benign,0
Dataset/train/benign\296.jpg,benign,0
Dataset/train/benign\1037.jpg,benign,0
Dataset/train/malignant\253.jpg,malignant,1
Dataset/train/benign\1692.jpg,benign,0
Dataset/train/malignant\883.jpg,malignant,1
Dataset/train/malignant\1093.jpg,malignant,1
Dataset/train/malignant\446.jpg,malignant,1
Dataset/train/benign\1629.jpg,benign,0
Dataset/train/malignant\192.jpg,malignant,1
Dataset/train/benign\1759.jpg,benign,0
Dataset/train/benign\784.jpg,benign,0
Dataset/train/benign\595.jpg,benign,0
Dataset/train/malignant\1352.jpg,malignant,1
Dataset/train/benign\1168.jpg,benign,0
Dataset/train/malignant\255.jpg,malignant,1
Dataset/train/benign\1531.jpg,benign,0
Dataset/train/benign\1495.jpg,benign,0
Dataset/train/benign\921.jpg,benign,0
Dataset/train/benign\416.jpg,benign,0
Dataset/train/malignant\664.jpg,malignant,1
Dataset/train/benign\1390.jpg,benign,0
Dataset/train/malignant\118.jpg,malignant,1
Dataset/train/benign\473.jpg,benign,0
Dataset/train/benign\131.jpg,benign,0
Dataset/train/benign\435.jpg,benign,0
Dataset/train/malignant\293.jpg,malignant,1
Dataset/train/benign\1678.jpg,benign,0
Dataset/train/benign\723.jpg,benign,0
Dataset/train/benign\126.jpg,benign,0
Dataset/train/malignant\1482.jpg,malignant,1
Dataset/train/benign\907.jpg,benign,0
Dataset/train/benign\1072.jpg,benign,0
Dataset/train/benign\864.jpg,benign,0
Dataset/train/benign\1717.jpg,benign,0
Dataset/train/benign\587.jpg,benign,0
Dataset/train/benign\742.jpg,benign,0
Dataset/train/benign\238.jpg,benign,0
Dataset/train/malignant\470.jpg,malignant,1
Dataset/train/malignant\1225.jpg,malignant,1
Dataset/train/malignant\1405.jpg,malignant,1
Dataset/train/malignant\99.jpg,malignant,1
Dataset/train/malignant\357.jpg,malignant,1
Dataset/train/benign\1684.jpg,benign,0
Dataset/train/malignant\1210.jpg,malignant,1
Dataset/train/malignant\1172.jpg,malignant,1
Dataset/train/benign\1419.jpg,benign,0
Dataset/train/benign\1457.jpg,benign,0
Dataset/train/benign\239.jpg,benign,0
Dataset/train/benign\70.jpg,benign,0
Dataset/train/benign\1395.jpg,benign,0
Dataset/train/malignant\38.jpg,malignant,1
Dataset/train/malignant\1087.jpg,malignant,1
Dataset/train/malignant\1420.jpg,malignant,1
Dataset/train/benign\517.jpg,benign,0
Dataset/train/benign\885.jpg,benign,0
Dataset/train/benign\53.jpg,benign,0
Dataset/train/benign\443.jpg,benign,0
Dataset/train/benign\1760.jpg,benign,0
Dataset/train/malignant\162.jpg,malignant,1
Dataset/train/benign\1647.jpg,benign,0
Dataset/train/benign\1035.jpg,benign,0
Dataset/train/benign\167.jpg,benign,0
Dataset/train/benign\1162.jpg,benign,0
Dataset/train/benign\1346.jpg,benign,0
Dataset/train/malignant\648.jpg,malignant,1
Dataset/train/benign\1099.jpg,benign,0
Dataset/train/malignant\1067.jpg,malignant,1
Dataset/train/benign\485.jpg,benign,0
Dataset/train/malignant\845.jpg,malignant,1
Dataset/train/benign\278.jpg,benign,0
Dataset/train/benign\1249.jpg,benign,0
Dataset/train/benign\1582.jpg,benign,0
Dataset/train/malignant\59.jpg,malignant,1
Dataset/train/malignant\1350.jpg,malignant,1
Dataset/train/malignant\215.jpg,malignant,1
Dataset/train/benign\124.jpg,benign,0
Dataset/train/benign\34.jpg,benign,0
Dataset/train/benign\521.jpg,benign,0
Dataset/train/malignant\936.jpg,malignant,1
Dataset/train/benign\609.jpg,benign,0
Dataset/train/benign\1351.jpg,benign,0
Dataset/train/benign\1382.jpg,benign,0
Dataset/train/malignant\114.jpg,malignant,1
Dataset/train/benign\1417.jpg,benign,0
Dataset/train/malignant\1434.jpg,malignant,1
Dataset/train/benign\392.jpg,benign,0
Dataset/train/malignant\548.jpg,malignant,1
Dataset/train/benign\243.jpg,benign,0
Dataset/train/malignant\721.jpg,malignant,1
Dataset/train/malignant\1149.jpg,malignant,1
Dataset/train/benign\1617.jpg,benign,0
Dataset/train/malignant\586.jpg,malignant,1
Dataset/train/malignant\1303.jpg,malignant,1
Dataset/train/benign\1464.jpg,benign,0
Dataset/train/malignant\975.jpg,malignant,1
Dataset/train/benign\169.jpg,benign,0
Dataset/train/malignant\950.jpg,malignant,1
Dataset/train/benign\779.jpg,benign,0
Dataset/train/malignant\631.jpg,malignant,1
Dataset/train/malignant\1101.jpg,malignant,1
Dataset/train/benign\1515.jpg,benign,0
Dataset/train/malignant\1399.jpg,malignant,1
Dataset/train/malignant\991.jpg,malignant,1
Dataset/train/benign\218.jpg,benign,0
Dataset/train/malignant\1159.jpg,malignant,1
Dataset/train/malignant\697.jpg,malignant,1
Dataset/train/malignant\961.jpg,malignant,1
Dataset/train/benign\1667.jpg,benign,0
Dataset/train/benign\1383.jpg,benign,0
Dataset/train/benign\1247.jpg,benign,0
Dataset/train/malignant\1415.jpg,malignant,1
Dataset/train/benign\68.jpg,benign,0
Dataset/train/benign\652.jpg,benign,0
Dataset/train/benign\1465.jpg,benign,0
Dataset/train/malignant\234.jpg,malignant,1
Dataset/train/malignant\251.jpg,malignant,1
Dataset/train/malignant\730.jpg,malignant,1
Dataset/train/malignant\1412.jpg,malignant,1
Dataset/train/malignant\1212.jpg,malignant,1
Dataset/train/benign\741.jpg,benign,0
Dataset/train/benign\757.jpg,benign,0
Dataset/train/benign\1565.jpg,benign,0
Dataset/train/malignant\982.jpg,malignant,1
Dataset/train/malignant\900.jpg,malignant,1
Dataset/train/malignant\403.jpg,malignant,1
Dataset/train/benign\1275.jpg,benign,0
Dataset/train/malignant\803.jpg,malignant,1
Dataset/train/benign\715.jpg,benign,0
Dataset/train/benign\477.jpg,benign,0
Dataset/train/benign\280.jpg,benign,0
Dataset/train/benign\39.jpg,benign,0
Dataset/train/benign\1574.jpg,benign,0
Dataset/train/benign\1784.jpg,benign,0
Dataset/train/benign\112.jpg,benign,0
Dataset/train/benign\1575.jpg,benign,0
Dataset/train/benign\1114.jpg,benign,0
Dataset/train/benign\1630.jpg,benign,0
Dataset/train/benign\196.jpg,benign,0
Dataset/train/benign\1554.jpg,benign,0
Dataset/train/malignant\1459.jpg,malignant,1
Dataset/train/benign\1303.jpg,benign,0
Dataset/train/benign\1498.jpg,benign,0
Dataset/train/malignant\400.jpg,malignant,1
Dataset/train/malignant\10.jpg,malignant,1
Dataset/train/benign\617.jpg,benign,0
Dataset/train/malignant\930.jpg,malignant,1
Dataset/train/benign\1447.jpg,benign,0
Dataset/train/benign\1232.jpg,benign,0
Dataset/train/malignant\250.jpg,malignant,1
Dataset/train/benign\128.jpg,benign,0
Dataset/train/malignant\1312.jpg,malignant,1
Dataset/train/malignant\890.jpg,malignant,1
Dataset/train/benign\611.jpg,benign,0
Dataset/train/benign\1597.jpg,benign,0
Dataset/train/malignant\1386.jpg,malignant,1
Dataset/train/malignant\22.jpg,malignant,1
Dataset/train/benign\1230.jpg,benign,0
Dataset/train/malignant\1356.jpg,malignant,1
Dataset/train/benign\673.jpg,benign,0
Dataset/train/benign\194.jpg,benign,0
Dataset/train/malignant\98.jpg,malignant,1
Dataset/train/benign\1024.jpg,benign,0
Dataset/train/malignant\189.jpg,malignant,1
Dataset/train/benign\306.jpg,benign,0
Dataset/train/benign\701.jpg,benign,0
Dataset/train/benign\990.jpg,benign,0
Dataset/train/benign\654.jpg,benign,0
Dataset/train/benign\1735.jpg,benign,0
Dataset/train/malignant\727.jpg,malignant,1
Dataset/train/malignant\918.jpg,malignant,1
Dataset/train/benign\351.jpg,benign,0
Dataset/train/malignant\312.jpg,malignant,1
Dataset/train/benign\346.jpg,benign,0
Dataset/train/benign\145.jpg,benign,0
Dataset/train/malignant\167.jpg,malignant,1
Dataset/train/malignant\872.jpg,malignant,1
Dataset/train/benign\1254.jpg,benign,0
Dataset/train/benign\726.jpg,benign,0
Dataset/train/malignant\40.jpg,malignant,1
Dataset/train/malignant\1051.jpg,malignant,1
Dataset/train/benign\115.jpg,benign,0
Dataset/train/malignant\1139.jpg,malignant,1
Dataset/train/malignant\181.jpg,malignant,1
Dataset/train/malignant\875.jpg,malignant,1
Dataset/train/benign\439.jpg,benign,0
Dataset/train/malignant\733.jpg,malignant,1
Dataset/train/malignant\1466.jpg,malignant,1
Dataset/train/benign\1007.jpg,benign,0
Dataset/train/malignant\955.jpg,malignant,1
Dataset/train/benign\1184.jpg,benign,0
Dataset/train/malignant\693.jpg,malignant,1
Dataset/train/benign\870.jpg,benign,0
Dataset/train/malignant\1278.jpg,malignant,1
Dataset/train/benign\682.jpg,benign,0
Dataset/train/benign\900.jpg,benign,0
Dataset/train/malignant\371.jpg,malignant,1
Dataset/train/benign\794.jpg,benign,0
Dataset/train/benign\1593.jpg,benign,0
Dataset/train/benign\1384.jpg,benign,0
Dataset/train/benign\1493.jpg,benign,0
Dataset/train/benign\456.jpg,benign,0
Dataset/train/malignant\1102.jpg,malignant,1
Dataset/train/benign\231.jpg,benign,0
Dataset/train/benign\1470.jpg,benign,0
Dataset/train/malignant\1423.jpg,malignant,1
Dataset/train/malignant\716.jpg,malignant,1
Dataset/train/malignant\1004.jpg,malignant,1
Dataset/train/malignant\368.jpg,malignant,1
Dataset/train/benign\714.jpg,benign,0
Dataset/train/benign\254.jpg,benign,0
Dataset/train/malignant\908.jpg,malignant,1
Dataset/train/benign\1486.jpg,benign,0
Dataset/train/malignant\1325.jpg,malignant,1
Dataset/train/malignant\1064.jpg,malignant,1
Dataset/train/malignant\1013.jpg,malignant,1
Dataset/train/benign\1669.jpg,benign,0
Dataset/train/malignant\160.jpg,malignant,1
Dataset/train/malignant\53.jpg,malignant,1
Dataset/train/malignant\581.jpg,malignant,1
Dataset/train/malignant\263.jpg,malignant,1
Dataset/train/malignant\218.jpg,malignant,1
Dataset/train/benign\38.jpg,benign,0
Dataset/train/benign\1142.jpg,benign,0
Dataset/train/benign\1127.jpg,benign,0
Dataset/train/malignant\820.jpg,malignant,1
Dataset/train/malignant\1014.jpg,malignant,1
Dataset/train/malignant\1055.jpg,malignant,1
Dataset/train/benign\204.jpg,benign,0
Dataset/train/malignant\117.jpg,malignant,1
Dataset/train/malignant\449.jpg,malignant,1
Dataset/train/benign\564.jpg,benign,0
Dataset/train/malignant\96.jpg,malignant,1
Dataset/train/benign\249.jpg,benign,0
Dataset/train/benign\1144.jpg,benign,0
Dataset/train/benign\649.jpg,benign,0
Dataset/train/malignant\895.jpg,malignant,1
Dataset/train/benign\1557.jpg,benign,0
Dataset/train/benign\759.jpg,benign,0
Dataset/train/malignant\1481.jpg,malignant,1
Dataset/train/benign\85.jpg,benign,0
Dataset/train/benign\104.jpg,benign,0
Dataset/train/benign\1309.jpg,benign,0
Dataset/train/benign\1339.jpg,benign,0
Dataset/train/benign\975.jpg,benign,0
Dataset/train/malignant\434.jpg,malignant,1
Dataset/train/malignant\467.jpg,malignant,1
Dataset/train/benign\1371.jpg,benign,0
Dataset/train/malignant\591.jpg,malignant,1
Dataset/train/malignant\15.jpg,malignant,1
Dataset/train/benign\1081.jpg,benign,0
Dataset/train/benign\917.jpg,benign,0
Dataset/train/malignant\1328.jpg,malignant,1
Dataset/train/benign\1690.jpg,benign,0
Dataset/train/benign\534.jpg,benign,0
Dataset/train/benign\1201.jpg,benign,0
Dataset/train/benign\838.jpg,benign,0
Dataset/train/malignant\214.jpg,malignant,1
Dataset/train/benign\914.jpg,benign,0
Dataset/train/benign\1316.jpg,benign,0
Dataset/train/benign\429.jpg,benign,0
Dataset/train/malignant\441.jpg,malignant,1
Dataset/train/malignant\1224.jpg,malignant,1
Dataset/train/benign\524.jpg,benign,0
Dataset/train/malignant\765.jpg,malignant,1
Dataset/train/malignant\1033.jpg,malignant,1
Dataset/train/malignant\1117.jpg,malignant,1
Dataset/train/benign\1624.jpg,benign,0
Dataset/train/benign\1141.jpg,benign,0
Dataset/train/malignant\299.jpg,malignant,1
Dataset/train/benign\1045.jpg,benign,0
Dataset/train/malignant\28.jpg,malignant,1
Dataset/train/malignant\571.jpg,malignant,1
Dataset/train/malignant\481.jpg,malignant,1
Dataset/train/malignant\493.jpg,malignant,1
Dataset/train/benign\1665.jpg,benign,0
Dataset/train/benign\293.jpg,benign,0
Dataset/train/malignant\858.jpg,malignant,1
Dataset/train/malignant\1165.jpg,malignant,1
Dataset/train/malignant\534.jpg,malignant,1
Dataset/train/benign\391.jpg,benign,0
Dataset/train/malignant\793.jpg,malignant,1
Dataset/train/benign\1755.jpg,benign,0
Dataset/train/malignant\569.jpg,malignant,1
Dataset/train/malignant\1437.jpg,malignant,1
Dataset/train/malignant\731.jpg,malignant,1
Dataset/train/benign\1518.jpg,benign,0
Dataset/train/benign\208.jpg,benign,0
Dataset/train/malignant\1384.jpg,malignant,1
Dataset/train/malignant\862.jpg,malignant,1
Dataset/train/benign\1431.jpg,benign,0
Dataset/train/malignant\56.jpg,malignant,1
Dataset/train/benign\788.jpg,benign,0
Dataset/train/benign\395.jpg,benign,0
Dataset/train/malignant\262.jpg,malignant,1
Dataset/train/malignant\952.jpg,malignant,1
Dataset/train/benign\822.jpg,benign,0
Dataset/train/benign\491.jpg,benign,0
Dataset/train/malignant\1452.jpg,malignant,1
Dataset/train/benign\1433.jpg,benign,0
Dataset/train/malignant\966.jpg,malignant,1
Dataset/train/malignant\920.jpg,malignant,1
Dataset/train/benign\240.jpg,benign,0
Dataset/train/benign\1794.jpg,benign,0
Dataset/train/malignant\524.jpg,malignant,1
Dataset/train/benign\490.jpg,benign,0
Dataset/train/malignant\439.jpg,malignant,1
Dataset/train/malignant\440.jpg,malignant,1
Dataset/train/benign\930.jpg,benign,0
Dataset/train/malignant\742.jpg,malignant,1
Dataset/train/benign\496.jpg,benign,0
Dataset/train/benign\835.jpg,benign,0
Dataset/train/malignant\760.jpg,malignant,1
Dataset/train/benign\679.jpg,benign,0
Dataset/train/benign\1255.jpg,benign,0
Dataset/train/benign\1689.jpg,benign,0
Dataset/train/benign\1489.jpg,benign,0
Dataset/train/malignant\1409.jpg,malignant,1
Dataset/train/benign\411.jpg,benign,0
Dataset/train/malignant\786.jpg,malignant,1
Dataset/train/malignant\971.jpg,malignant,1
Dataset/train/benign\796.jpg,benign,0
Dataset/train/malignant\960.jpg,malignant,1
Dataset/train/benign\1008.jpg,benign,0
Dataset/train/benign\1746.jpg,benign,0
Dataset/train/benign\192.jpg,benign,0
Dataset/train/malignant\944.jpg,malignant,1
Dataset/train/malignant\1169.jpg,malignant,1
Dataset/train/malignant\976.jpg,malignant,1
Dataset/train/benign\703.jpg,benign,0
Dataset/train/benign\1520.jpg,benign,0
Dataset/train/malignant\177.jpg,malignant,1
Dataset/train/malignant\557.jpg,malignant,1
Dataset/train/benign\342.jpg,benign,0
Dataset/train/benign\197.jpg,benign,0
Dataset/train/benign\1440.jpg,benign,0
Dataset/train/benign\1122.jpg,benign,0
Dataset/train/benign\1738.jpg,benign,0
Dataset/train/benign\1195.jpg,benign,0
Dataset/train/malignant\675.jpg,malignant,1
Dataset/train/benign\1454.jpg,benign,0
Dataset/train/benign\233.jpg,benign,0
Dataset/train/benign\1427.jpg,benign,0
Dataset/train/benign\279.jpg,benign,0
Dataset/train/benign\1733.jpg,benign,0
Dataset/train/malignant\911.jpg,malignant,1
Dataset/train/benign\1732.jpg,benign,0
Dataset/train/benign\1740.jpg,benign,0
Dataset/train/benign\1702.jpg,benign,0
Dataset/train/benign\929.jpg,benign,0
Dataset/train/malignant\583.jpg,malignant,1
Dataset/train/malignant\75.jpg,malignant,1
Dataset/train/malignant\94.jpg,malignant,1
Dataset/train/malignant\891.jpg,malignant,1
Dataset/train/malignant\1110.jpg,malignant,1
Dataset/train/malignant\595.jpg,malignant,1
Dataset/train/benign\1595.jpg,benign,0
Dataset/train/malignant\227.jpg,malignant,1
Dataset/train/malignant\282.jpg,malignant,1
Dataset/train/benign\1705.jpg,benign,0
Dataset/train/malignant\1126.jpg,malignant,1
Dataset/train/benign\1743.jpg,benign,0
Dataset/train/benign\584.jpg,benign,0
Dataset/train/benign\286.jpg,benign,0
Dataset/train/malignant\1245.jpg,malignant,1
Dataset/train/benign\766.jpg,benign,0
Dataset/train/malignant\228.jpg,malignant,1
Dataset/train/benign\1085.jpg,benign,0
Dataset/train/malignant\346.jpg,malignant,1
Dataset/train/benign\434.jpg,benign,0
Dataset/train/benign\1202.jpg,benign,0
Dataset/train/benign\35.jpg,benign,0
Dataset/train/malignant\737.jpg,malignant,1
Dataset/train/benign\554.jpg,benign,0
Dataset/train/malignant\1190.jpg,malignant,1
Dataset/train/malignant\1369.jpg,malignant,1
Dataset/train/malignant\373.jpg,malignant,1
Dataset/train/malignant\489.jpg,malignant,1
Dataset/train/benign\27.jpg,benign,0
Dataset/train/malignant\287.jpg,malignant,1
Dataset/train/benign\1052.jpg,benign,0
Dataset/train/malignant\1104.jpg,malignant,1
Dataset/train/benign\1216.jpg,benign,0
Dataset/train/malignant\377.jpg,malignant,1
Dataset/train/benign\996.jpg,benign,0
Dataset/train/malignant\1205.jpg,malignant,1
Dataset/train/benign\252.jpg,benign,0
Dataset/train/benign\1681.jpg,benign,0
Dataset/train/benign\1363.jpg,benign,0
Dataset/train/malignant\539.jpg,malignant,1
Dataset/train/malignant\1177.jpg,malignant,1
Dataset/train/malignant\1146.jpg,malignant,1
Dataset/train/malignant\135.jpg,malignant,1
Dataset/train/malignant\559.jpg,malignant,1
Dataset/train/malignant\1393.jpg,malignant,1
Dataset/train/benign\992.jpg,benign,0
Dataset/train/malignant\359.jpg,malignant,1
Dataset/train/malignant\899.jpg,malignant,1
Dataset/train/benign\1347.jpg,benign,0
Dataset/train/malignant\651.jpg,malignant,1
Dataset/train/benign\1774.jpg,benign,0
Dataset/train/benign\505.jpg,benign,0
Dataset/train/malignant\795.jpg,malignant,1
Dataset/train/malignant\487.jpg,malignant,1
Dataset/train/malignant\336.jpg,malignant,1
Dataset/train/malignant\987.jpg,malignant,1
Dataset/train/malignant\1161.jpg,malignant,1
Dataset/train/malignant\1346.jpg,malignant,1
Dataset/train/benign\565.jpg,benign,0
Dataset/train/benign\486.jpg,benign,0
Dataset/train/malignant\423.jpg,malignant,1
Dataset/train/benign\1204.jpg,benign,0
Dataset/train/malignant\956.jpg,malignant,1
Dataset/train/benign\1385.jpg,benign,0
Dataset/train/benign\1695.jpg,benign,0
Dataset/train/malignant\821.jpg,malignant,1
Dataset/train/malignant\455.jpg,malignant,1
Dataset/train/malignant\79.jpg,malignant,1
Dataset/train/benign\1534.jpg,benign,0
Dataset/train/malignant\1153.jpg,malignant,1
Dataset/train/malignant\538.jpg,malignant,1
Dataset/train/benign\965.jpg,benign,0
Dataset/train/malignant\1261.jpg,malignant,1
Dataset/train/malignant\897.jpg,malignant,1
Dataset/train/malignant\1248.jpg,malignant,1
Dataset/train/benign\791.jpg,benign,0
Dataset/train/benign\1463.jpg,benign,0
Dataset/train/benign\1133.jpg,benign,0
Dataset/train/benign\499.jpg,benign,0
Dataset/train/malignant\734.jpg,malignant,1
Dataset/train/malignant\330.jpg,malignant,1
Dataset/train/benign\1708.jpg,benign,0
Dataset/train/benign\32.jpg,benign,0
Dataset/train/malignant\743.jpg,malignant,1
Dataset/train/benign\1340.jpg,benign,0
Dataset/train/benign\1199.jpg,benign,0
Dataset/train/benign\164.jpg,benign,0
Dataset/train/benign\362.jpg,benign,0
Dataset/train/malignant\86.jpg,malignant,1
Dataset/train/benign\1366.jpg,benign,0
Dataset/train/benign\1402.jpg,benign,0
Dataset/train/malignant\1498.jpg,malignant,1
Dataset/train/malignant\1181.jpg,malignant,1
Dataset/train/malignant\71.jpg,malignant,1
Dataset/train/malignant\152.jpg,malignant,1
Dataset/train/benign\1662.jpg,benign,0
Dataset/train/malignant\43.jpg,malignant,1
Dataset/train/benign\862.jpg,benign,0
Dataset/train/benign\1553.jpg,benign,0
Dataset/train/malignant\623.jpg,malignant,1
Dataset/train/benign\26.jpg,benign,0
Dataset/train/malignant\225.jpg,malignant,1
Dataset/train/malignant\768.jpg,malignant,1
Dataset/train/benign\1677.jpg,benign,0
Dataset/train/benign\214.jpg,benign,0
Dataset/train/benign\570.jpg,benign,0
Dataset/train/benign\783.jpg,benign,0
Dataset/train/benign\1282.jpg,benign,0
Dataset/train/malignant\846.jpg,malignant,1
Dataset/train/malignant\1296.jpg,malignant,1
Dataset/train/benign\1742.jpg,benign,0
Dataset/train/malignant\494.jpg,malignant,1
Dataset/train/benign\744.jpg,benign,0
Dataset/train/malignant\1075.jpg,malignant,1
Dataset/train/benign\1268.jpg,benign,0
Dataset/train/malignant\120.jpg,malignant,1
Dataset/train/malignant\613.jpg,malignant,1
Dataset/train/malignant\989.jpg,malignant,1
Dataset/train/benign\1129.jpg,benign,0
Dataset/train/malignant\847.jpg,malignant,1
Dataset/train/malignant\144.jpg,malignant,1
Dataset/train/malignant\1002.jpg,malignant,1
Dataset/train/malignant\609.jpg,malignant,1
Dataset/train/malignant\854.jpg,malignant,1
Dataset/train/benign\627.jpg,benign,0
Dataset/train/benign\155.jpg,benign,0
Dataset/train/benign\422.jpg,benign,0
Dataset/train/malignant\367.jpg,malignant,1
Dataset/train/benign\818.jpg,benign,0
Dataset/train/malignant\1243.jpg,malignant,1
Dataset/train/benign\777.jpg,benign,0
Dataset/train/benign\1478.jpg,benign,0
Dataset/train/malignant\1214.jpg,malignant,1
Dataset/train/malignant\1351.jpg,malignant,1
Dataset/train/benign\696.jpg,benign,0
Dataset/train/benign\1676.jpg,benign,0
Dataset/train/malignant\746.jpg,malignant,1
Dataset/train/benign\853.jpg,benign,0
Dataset/train/benign\1461.jpg,benign,0
Dataset/train/malignant\789.jpg,malignant,1
Dataset/train/benign\849.jpg,benign,0
Dataset/train/malignant\855.jpg,malignant,1
Dataset/train/malignant\252.jpg,malignant,1
Dataset/train/benign\1240.jpg,benign,0
Dataset/train/malignant\1455.jpg,malignant,1
Dataset/train/benign\1535.jpg,benign,0
Dataset/train/benign\855.jpg,benign,0
Dataset/train/benign\705.jpg,benign,0
Dataset/train/malignant\472.jpg,malignant,1
Dataset/train/benign\1039.jpg,benign,0
Dataset/train/malignant\278.jpg,malignant,1
Dataset/train/malignant\279.jpg,malignant,1
Dataset/train/benign\707.jpg,benign,0
Dataset/train/malignant\1424.jpg,malignant,1
Dataset/train/benign\589.jpg,benign,0
Dataset/train/malignant\26.jpg,malignant,1
Dataset/train/benign\1475.jpg,benign,0
Dataset/train/malignant\438.jpg,malignant,1
Dataset/train/benign\1564.jpg,benign,0
Dataset/train/benign\288.jpg,benign,0
Dataset/train/benign\1251.jpg,benign,0
Dataset/train/benign\1552.jpg,benign,0
Dataset/train/benign\1027.jpg,benign,0
Dataset/train/malignant\150.jpg,malignant,1
Dataset/train/malignant\1332.jpg,malignant,1
Dataset/train/benign\418.jpg,benign,0
Dataset/train/malignant\914.jpg,malignant,1
Dataset/train/malignant\1274.jpg,malignant,1
Dataset/train/malignant\372.jpg,malignant,1
Dataset/train/benign\441.jpg,benign,0
Dataset/train/malignant\1162.jpg,malignant,1
Dataset/train/malignant\1184.jpg,malignant,1
Dataset/train/benign\217.jpg,benign,0
Dataset/train/benign\515.jpg,benign,0
Dataset/train/benign\383.jpg,benign,0
Dataset/train/malignant\1319.jpg,malignant,1
Dataset/train/benign\1799.jpg,benign,0
Dataset/train/benign\1780.jpg,benign,0
Dataset/train/benign\1302.jpg,benign,0
Dataset/train/malignant\414.jpg,malignant,1
Dataset/train/benign\421.jpg,benign,0
Dataset/train/benign\1686.jpg,benign,0
Dataset/train/malignant\1294.jpg,malignant,1
Dataset/train/benign\665.jpg,benign,0
Dataset/train/benign\109.jpg,benign,0
Dataset/train/benign\73.jpg,benign,0
Dataset/train/benign\1729.jpg,benign,0
Dataset/train/malignant\811.jpg,malignant,1
Dataset/train/malignant\535.jpg,malignant,1
Dataset/train/malignant\1252.jpg,malignant,1
Dataset/train/malignant\1340.jpg,malignant,1
Dataset/train/malignant\1235.jpg,malignant,1
Dataset/train/malignant\286.jpg,malignant,1
Dataset/train/benign\1138.jpg,benign,0
Dataset/train/malignant\5.jpg,malignant,1
Dataset/train/malignant\1179.jpg,malignant,1
Dataset/train/benign\1547.jpg,benign,0
Dataset/train/malignant\607.jpg,malignant,1
Dataset/train/benign\1573.jpg,benign,0
Dataset/train/malignant\268.jpg,malignant,1
Dataset/train/malignant\248.jpg,malignant,1
Dataset/train/malignant\812.jpg,malignant,1
Dataset/train/benign\1059.jpg,benign,0
Dataset/train/malignant\1050.jpg,malignant,1
Dataset/train/malignant\1479.jpg,malignant,1
Dataset/train/benign\423.jpg,benign,0
Dataset/train/malignant\719.jpg,malignant,1
Dataset/train/benign\782.jpg,benign,0
Dataset/train/malignant\564.jpg,malignant,1
Dataset/train/benign\309.jpg,benign,0
Dataset/train/malignant\997.jpg,malignant,1
Dataset/train/malignant\1285.jpg,malignant,1
Dataset/train/malignant\705.jpg,malignant,1
Dataset/train/malignant\292.jpg,malignant,1
Dataset/train/malignant\172.jpg,malignant,1
Dataset/train/benign\1360.jpg,benign,0
Dataset/train/malignant\1279.jpg,malignant,1
Dataset/train/malignant\1207.jpg,malignant,1
Dataset/train/malignant\202.jpg,malignant,1
Dataset/train/benign\1194.jpg,benign,0
Dataset/train/malignant\149.jpg,malignant,1
Dataset/train/benign\49.jpg,benign,0
Dataset/train/benign\1369.jpg,benign,0
Dataset/train/malignant\1281.jpg,malignant,1
Dataset/train/malignant\277.jpg,malignant,1
Dataset/train/benign\1159.jpg,benign,0
Dataset/train/benign\425.jpg,benign,0
Dataset/train/benign\1307.jpg,benign,0
Dataset/train/benign\343.jpg,benign,0
Dataset/train/malignant\561.jpg,malignant,1
Dataset/train/benign\1650.jpg,benign,0
Dataset/train/benign\577.jpg,benign,0
Dataset/train/malignant\1192.jpg,malignant,1
Dataset/train/malignant\724.jpg,malignant,1
Dataset/train/benign\345.jpg,benign,0
Dataset/train/benign\1506.jpg,benign,0
Dataset/train/malignant\1400.jpg,malignant,1
Dataset/train/benign\1706.jpg,benign,0
Dataset/train/benign\275.jpg,benign,0
Dataset/train/benign\512.jpg,benign,0
Dataset/train/malignant\219.jpg,malignant,1
Dataset/train/benign\1528.jpg,benign,0
Dataset/train/malignant\605.jpg,malignant,1
Dataset/train/benign\461.jpg,benign,0
Dataset/train/malignant\701.jpg,malignant,1
Dataset/train/malignant\83.jpg,malignant,1
Dataset/train/malignant\140.jpg,malignant,1
Dataset/train/benign\1504.jpg,benign,0
Dataset/train/benign\1435.jpg,benign,0
Dataset/train/malignant\1283.jpg,malignant,1
Dataset/train/malignant\1054.jpg,malignant,1
Dataset/train/benign\87.jpg,benign,0
Dataset/train/malignant\841.jpg,malignant,1
Dataset/train/benign\1625.jpg,benign,0
Dataset/train/benign\1002.jpg,benign,0
Dataset/train/benign\1560.jpg,benign,0
Dataset/train/malignant\533.jpg,malignant,1
Dataset/train/benign\1095.jpg,benign,0
Dataset/train/benign\904.jpg,benign,0
Dataset/train/malignant\19.jpg,malignant,1
Dataset/train/benign\489.jpg,benign,0
Dataset/train/benign\1724.jpg,benign,0
Dataset/train/malignant\1035.jpg,malignant,1
Dataset/train/malignant\143.jpg,malignant,1
Dataset/train/benign\431.jpg,benign,0
Dataset/train/benign\1640.jpg,benign,0
Dataset/train/malignant\432.jpg,malignant,1
Dataset/train/malignant\136.jpg,malignant,1
Dataset/train/benign\641.jpg,benign,0
Dataset/train/malignant\886.jpg,malignant,1
Dataset/train/benign\160.jpg,benign,0
Dataset/train/malignant\1439.jpg,malignant,1
Dataset/train/benign\638.jpg,benign,0
Dataset/train/malignant\1086.jpg,malignant,1
Dataset/train/malignant\630.jpg,malignant,1
Dataset/train/benign\1490.jpg,benign,0
Dataset/train/malignant\1158.jpg,malignant,1
Dataset/train/benign\923.jpg,benign,0
Dataset/train/malignant\783.jpg,malignant,1
Dataset/train/benign\1580.jpg,benign,0
Dataset/train/malignant\1077.jpg,malignant,1
Dataset/train/malignant\134.jpg,malignant,1
Dataset/train/benign\1596.jpg,benign,0
Dataset/train/benign\1627.jpg,benign,0
Dataset/train/malignant\1433.jpg,malignant,1
Dataset/train/benign\1026.jpg,benign,0
Dataset/train/benign\1187.jpg,benign,0
Dataset/train/malignant\704.jpg,malignant,1
Dataset/train/malignant\644.jpg,malignant,1
Dataset/train/malignant\547.jpg,malignant,1
Dataset/train/benign\138.jpg,benign,0
Dataset/train/benign\960.jpg,benign,0
Dataset/train/malignant\1497.jpg,malignant,1
Dataset/train/benign\531.jpg,benign,0
Dataset/train/benign\1171.jpg,benign,0
Dataset/train/benign\1577.jpg,benign,0
Dataset/train/benign\1522.jpg,benign,0
Dataset/train/malignant\1367.jpg,malignant,1
Dataset/train/benign\86.jpg,benign,0
Dataset/train/malignant\700.jpg,malignant,1
Dataset/train/benign\1352.jpg,benign,0
Dataset/train/benign\1196.jpg,benign,0
Dataset/train/malignant\565.jpg,malignant,1
Dataset/train/malignant\1450.jpg,malignant,1
Dataset/train/malignant\404.jpg,malignant,1
Dataset/train/benign\1258.jpg,benign,0
Dataset/train/malignant\392.jpg,malignant,1
Dataset/train/benign\1606.jpg,benign,0
Dataset/train/benign\232.jpg,benign,0
Dataset/train/benign\729.jpg,benign,0
Dataset/train/malignant\1152.jpg,malignant,1
Dataset/train/benign\1091.jpg,benign,0
Dataset/train/benign\1496.jpg,benign,0
Dataset/train/benign\1179.jpg,benign,0
Dataset/train/benign\1542.jpg,benign,0
Dataset/train/malignant\468.jpg,malignant,1
Dataset/train/malignant\496.jpg,malignant,1
Dataset/train/benign\228.jpg,benign,0
Dataset/train/malignant\1030.jpg,malignant,1
Dataset/train/malignant\1123.jpg,malignant,1
Dataset/train/benign\271.jpg,benign,0
Dataset/train/malignant\241.jpg,malignant,1
Dataset/train/benign\760.jpg,benign,0
Dataset/train/malignant\209.jpg,malignant,1
Dataset/train/benign\452.jpg,benign,0
Dataset/train/malignant\924.jpg,malignant,1
Dataset/train/benign\183.jpg,benign,0
Dataset/train/benign\728.jpg,benign,0
Dataset/train/benign\1223.jpg,benign,0
Dataset/train/benign\1615.jpg,benign,0
Dataset/train/malignant\471.jpg,malignant,1
Dataset/train/malignant\825.jpg,malignant,1
Dataset/train/malignant\1132.jpg,malignant,1
Dataset/train/malignant\448.jpg,malignant,1
Dataset/train/benign\1715.jpg,benign,0
Dataset/train/malignant\433.jpg,malignant,1
Dataset/train/malignant\919.jpg,malignant,1
Dataset/train/benign\1388.jpg,benign,0
Dataset/train/benign\1368.jpg,benign,0
Dataset/train/benign\1546.jpg,benign,0
Dataset/train/malignant\369.jpg,malignant,1
Dataset/train/benign\184.jpg,benign,0
Dataset/train/malignant\1419.jpg,malignant,1
Dataset/train/benign\1449.jpg,benign,0
Dataset/train/benign\459.jpg,benign,0
Dataset/train/malignant\1362.jpg,malignant,1
Dataset/train/benign\1561.jpg,benign,0
Dataset/train/malignant\1017.jpg,malignant,1
Dataset/train/benign\178.jpg,benign,0
Dataset/train/malignant\589.jpg,malignant,1
Dataset/train/benign\1338.jpg,benign,0
Dataset/train/benign\1036.jpg,benign,0
Dataset/train/benign\1312.jpg,benign,0
Dataset/train/malignant\532.jpg,malignant,1
Dataset/train/benign\1406.jpg,benign,0
Dataset/train/benign\581.jpg,benign,0
Dataset/train/benign\1786.jpg,benign,0
Dataset/train/benign\106.jpg,benign,0
Dataset/train/malignant\1329.jpg,malignant,1
Dataset/train/benign\150.jpg,benign,0
Dataset/train/malignant\413.jpg,malignant,1
Dataset/train/benign\567.jpg,benign,0
Dataset/train/malignant\1059.jpg,malignant,1
Dataset/train/benign\625.jpg,benign,0
Dataset/train/benign\994.jpg,benign,0
Dataset/train/malignant\842.jpg,malignant,1
Dataset/train/malignant\1343.jpg,malignant,1
Dataset/train/malignant\191.jpg,malignant,1
Dataset/train/malignant\884.jpg,malignant,1
Dataset/train/benign\540.jpg,benign,0
Dataset/train/benign\699.jpg,benign,0
Dataset/train/malignant\646.jpg,malignant,1
Dataset/train/benign\210.jpg,benign,0
Dataset/train/benign\1364.jpg,benign,0
Dataset/train/malignant\650.jpg,malignant,1
Dataset/train/benign\1048.jpg,benign,0
Dataset/train/benign\533.jpg,benign,0
Dataset/train/malignant\809.jpg,malignant,1
Dataset/train/malignant\621.jpg,malignant,1
Dataset/train/benign\646.jpg,benign,0
Dataset/train/benign\686.jpg,benign,0
Dataset/train/malignant\898.jpg,malignant,1
Dataset/train/benign\493.jpg,benign,0
Dataset/train/benign\845.jpg,benign,0
Dataset/train/malignant\1088.jpg,malignant,1
Dataset/train/benign\722.jpg,benign,0
Dataset/train/benign\734.jpg,benign,0
Dataset/train/malignant\551.jpg,malignant,1
Dataset/train/benign\445.jpg,benign,0
Dataset/train/malignant\1147.jpg,malignant,1
Dataset/train/benign\1497.jpg,benign,0
Dataset/train/benign\582.jpg,benign,0
Dataset/train/malignant\800.jpg,malignant,1
Dataset/train/benign\148.jpg,benign,0
Dataset/train/benign\376.jpg,benign,0
Dataset/train/malignant\345.jpg,malignant,1
Dataset/train/malignant\331.jpg,malignant,1
Dataset/train/malignant\1429.jpg,malignant,1
Dataset/train/benign\1252.jpg,benign,0
Dataset/train/malignant\932.jpg,malignant,1
Dataset/train/benign\1331.jpg,benign,0
Dataset/train/malignant\124.jpg,malignant,1
Dataset/train/benign\1601.jpg,benign,0
Dataset/train/benign\890.jpg,benign,0
Dataset/train/benign\1086.jpg,benign,0
Dataset/train/malignant\942.jpg,malignant,1
Dataset/train/benign\551.jpg,benign,0
Dataset/train/malignant\777.jpg,malignant,1
Dataset/train/benign\932.jpg,benign,0
Dataset/train/benign\470.jpg,benign,0
Dataset/train/malignant\848.jpg,malignant,1
Dataset/train/benign\1722.jpg,benign,0
Dataset/train/benign\175.jpg,benign,0
Dataset/train/benign\1474.jpg,benign,0
Dataset/train/malignant\527.jpg,malignant,1
Dataset/train/benign\749.jpg,benign,0
Dataset/train/malignant\671.jpg,malignant,1
Dataset/train/benign\114.jpg,benign,0
Dataset/train/benign\156.jpg,benign,0
Dataset/train/benign\1589.jpg,benign,0
Dataset/train/benign\1156.jpg,benign,0
Dataset/train/malignant\860.jpg,malignant,1
Dataset/train/benign\687.jpg,benign,0
Dataset/train/malignant\466.jpg,malignant,1
Dataset/train/malignant\867.jpg,malignant,1
Dataset/train/benign\1613.jpg,benign,0
Dataset/train/benign\645.jpg,benign,0
Dataset/train/malignant\1191.jpg,malignant,1
Dataset/train/malignant\1327.jpg,malignant,1
Dataset/train/malignant\142.jpg,malignant,1
Dataset/train/malignant\843.jpg,malignant,1
Dataset/train/malignant\784.jpg,malignant,1
Dataset/train/benign\1769.jpg,benign,0
Dataset/train/benign\616.jpg,benign,0
Dataset/train/malignant\505.jpg,malignant,1
Dataset/train/benign\1270.jpg,benign,0
Dataset/train/benign\643.jpg,benign,0
Dataset/train/benign\1423.jpg,benign,0
Dataset/train/benign\523.jpg,benign,0
Dataset/train/malignant\521.jpg,malignant,1
Dataset/train/benign\781.jpg,benign,0
Dataset/train/benign\466.jpg,benign,0
Dataset/train/benign\338.jpg,benign,0
Dataset/train/benign\979.jpg,benign,0
Dataset/train/malignant\216.jpg,malignant,1
Dataset/train/benign\257.jpg,benign,0
Dataset/train/malignant\1024.jpg,malignant,1
Dataset/train/benign\1472.jpg,benign,0
Dataset/train/benign\746.jpg,benign,0
Dataset/train/benign\337.jpg,benign,0
Dataset/train/benign\319.jpg,benign,0
Dataset/train/malignant\1115.jpg,malignant,1
Dataset/train/benign\957.jpg,benign,0
Dataset/train/malignant\67.jpg,malignant,1
Dataset/train/malignant\1209.jpg,malignant,1
Dataset/train/malignant\121.jpg,malignant,1
Dataset/train/benign\1500.jpg,benign,0
Dataset/train/malignant\938.jpg,malignant,1
Dataset/train/benign\426.jpg,benign,0
Dataset/train/benign\1094.jpg,benign,0
Dataset/train/benign\1585.jpg,benign,0
Dataset/train/malignant\1467.jpg,malignant,1
Dataset/train/malignant\89.jpg,malignant,1
Dataset/train/benign\47.jpg,benign,0
Dataset/train/malignant\72.jpg,malignant,1
Dataset/train/malignant\1171.jpg,malignant,1
Dataset/train/malignant\199.jpg,malignant,1
Dataset/train/malignant\1099.jpg,malignant,1
Dataset/train/malignant\418.jpg,malignant,1
Dataset/train/benign\851.jpg,benign,0
Dataset/train/benign\91.jpg,benign,0
Dataset/train/malignant\1449.jpg,malignant,1
Dataset/train/benign\501.jpg,benign,0
Dataset/train/benign\1467.jpg,benign,0
Dataset/train/benign\861.jpg,benign,0
Dataset/train/malignant\380.jpg,malignant,1
Dataset/train/benign\1193.jpg,benign,0
Dataset/train/benign\51.jpg,benign,0
Dataset/train/benign\804.jpg,benign,0
Dataset/train/benign\213.jpg,benign,0
Dataset/train/malignant\444.jpg,malignant,1
Dataset/train/malignant\422.jpg,malignant,1
Dataset/train/malignant\626.jpg,malignant,1
Dataset/train/malignant\32.jpg,malignant,1
Dataset/train/benign\403.jpg,benign,0
Dataset/train/benign\1328.jpg,benign,0
Dataset/train/malignant\1105.jpg,malignant,1
Dataset/train/benign\82.jpg,benign,0
Dataset/train/malignant\1476.jpg,malignant,1
Dataset/train/benign\261.jpg,benign,0
Dataset/train/malignant\269.jpg,malignant,1
Dataset/train/benign\1272.jpg,benign,0
Dataset/train/malignant\1277.jpg,malignant,1
Dataset/train/malignant\84.jpg,malignant,1
Dataset/train/malignant\806.jpg,malignant,1
Dataset/train/benign\506.jpg,benign,0
Dataset/train/malignant\740.jpg,malignant,1
Dataset/train/malignant\1070.jpg,malignant,1
Dataset/train/malignant\265.jpg,malignant,1
Dataset/train/malignant\879.jpg,malignant,1
Dataset/train/malignant\844.jpg,malignant,1
Dataset/train/malignant\624.jpg,malignant,1
Dataset/train/malignant\530.jpg,malignant,1
Dataset/train/benign\1661.jpg,benign,0
Dataset/train/benign\1181.jpg,benign,0
Dataset/train/malignant\993.jpg,malignant,1
Dataset/train/malignant\1284.jpg,malignant,1
Dataset/train/benign\1293.jpg,benign,0
Dataset/train/benign\1267.jpg,benign,0
Dataset/train/benign\1450.jpg,benign,0
Dataset/train/benign\629.jpg,benign,0
Dataset/train/benign\1320.jpg,benign,0
Dataset/train/malignant\545.jpg,malignant,1
Dataset/train/malignant\103.jpg,malignant,1
Dataset/train/benign\1620.jpg,benign,0
Dataset/train/malignant\130.jpg,malignant,1
Dataset/train/malignant\1085.jpg,malignant,1
Dataset/train/malignant\1271.jpg,malignant,1
Dataset/train/benign\1176.jpg,benign,0
Dataset/train/benign\590.jpg,benign,0
Dataset/train/malignant\951.jpg,malignant,1
Dataset/train/benign\1540.jpg,benign,0
Dataset/train/benign\1224.jpg,benign,0
Dataset/train/malignant\1249.jpg,malignant,1
Dataset/train/malignant\11.jpg,malignant,1
Dataset/train/malignant\921.jpg,malignant,1
Dataset/train/malignant\540.jpg,malignant,1
Dataset/train/malignant\682.jpg,malignant,1
Dataset/train/benign\1241.jpg,benign,0
Dataset/train/benign\21.jpg,benign,0
Dataset/train/malignant\851.jpg,malignant,1
Dataset/train/benign\472.jpg,benign,0
Dataset/train/benign\116.jpg,benign,0
Dataset/train/benign\733.jpg,benign,0
Dataset/train/benign\387.jpg,benign,0
Dataset/train/malignant\1473.jpg,malignant,1
Dataset/train/malignant\1188.jpg,malignant,1
Dataset/train/benign\222.jpg,benign,0
Dataset/train/benign\481.jpg,benign,0
Dataset/train/benign\1460.jpg,benign,0
Dataset/train/malignant\712.jpg,malignant,1
Dataset/train/benign\134.jpg,benign,0
Dataset/train/benign\1289.jpg,benign,0
Dataset/train/malignant\77.jpg,malignant,1
Dataset/train/benign\1284.jpg,benign,0
Dataset/train/malignant\906.jpg,malignant,1
Dataset/train/malignant\665.jpg,malignant,1
Dataset/train/malignant\687.jpg,malignant,1
Dataset/train/benign\1442.jpg,benign,0
Dataset/train/malignant\300.jpg,malignant,1
Dataset/train/malignant\76.jpg,malignant,1
Dataset/train/benign\450.jpg,benign,0
Dataset/train/benign\110.jpg,benign,0
Dataset/train/benign\797.jpg,benign,0
Dataset/train/malignant\634.jpg,malignant,1
Dataset/train/benign\198.jpg,benign,0
Dataset/train/benign\396.jpg,benign,0
Dataset/train/benign\483.jpg,benign,0
Dataset/train/benign\247.jpg,benign,0
Dataset/train/benign\926.jpg,benign,0
Dataset/train/malignant\1107.jpg,malignant,1
Dataset/train/benign\655.jpg,benign,0
Dataset/train/benign\1285.jpg,benign,0
Dataset/train/benign\111.jpg,benign,0
Dataset/train/benign\1656.jpg,benign,0
Dataset/train/malignant\520.jpg,malignant,1
Dataset/train/malignant\695.jpg,malignant,1
Dataset/train/malignant\1042.jpg,malignant,1
Dataset/train/malignant\1368.jpg,malignant,1
Dataset/train/malignant\689.jpg,malignant,1
Dataset/train/benign\967.jpg,benign,0
Dataset/train/malignant\1428.jpg,malignant,1
Dataset/train/benign\585.jpg,benign,0
Dataset/train/malignant\640.jpg,malignant,1
Dataset/train/benign\593.jpg,benign,0
Dataset/train/benign\528.jpg,benign,0
Dataset/train/benign\841.jpg,benign,0
Dataset/train/benign\1219.jpg,benign,0
Dataset/train/malignant\779.jpg,malignant,1
Dataset/train/benign\1330.jpg,benign,0
Dataset/train/benign\1567.jpg,benign,0
Dataset/train/malignant\754.jpg,malignant,1
Dataset/train/malignant\2.jpg,malignant,1
Dataset/train/benign\1131.jpg,benign,0
Dataset/train/benign\1491.jpg,benign,0
Dataset/train/malignant\542.jpg,malignant,1
Dataset/train/benign\1501.jpg,benign,0
Dataset/train/benign\576.jpg,benign,0
Dataset/train/malignant\722.jpg,malignant,1
Dataset/train/benign\207.jpg,benign,0
Dataset/train/benign\159.jpg,benign,0
Dataset/train/malignant\378.jpg,malignant,1
Dataset/train/benign\966.jpg,benign,0
Dataset/train/benign\899.jpg,benign,0
Dataset/train/benign\1233.jpg,benign,0
Dataset/train/benign\999.jpg,benign,0
Dataset/train/benign\1060.jpg,benign,0
Dataset/train/malignant\769.jpg,malignant,1
Dataset/train/malignant\968.jpg,malignant,1
Dataset/train/benign\1150.jpg,benign,0
Dataset/train/benign\956.jpg,benign,0
Dataset/train/malignant\366.jpg,malignant,1
Dataset/train/malignant\148.jpg,malignant,1
Dataset/train/benign\1761.jpg,benign,0
Dataset/train/malignant\676.jpg,malignant,1
Dataset/train/benign\872.jpg,benign,0
Dataset/train/malignant\828.jpg,malignant,1
Dataset/train/benign\745.jpg,benign,0
Dataset/train/benign\352.jpg,benign,0
Dataset/train/malignant\673.jpg,malignant,1
Dataset/train/malignant\531.jpg,malignant,1
Dataset/train/malignant\1237.jpg,malignant,1
Dataset/train/benign\502.jpg,benign,0
Dataset/train/benign\1762.jpg,benign,0
Dataset/train/benign\1169.jpg,benign,0
Dataset/train/benign\1160.jpg,benign,0
Dataset/train/benign\1570.jpg,benign,0
Dataset/train/benign\390.jpg,benign,0
Dataset/train/malignant\163.jpg,malignant,1
Dataset/train/benign\509.jpg,benign,0
Dataset/train/malignant\1183.jpg,malignant,1
Dataset/train/malignant\361.jpg,malignant,1
Dataset/train/malignant\146.jpg,malignant,1
Dataset/train/benign\786.jpg,benign,0
Dataset/train/malignant\374.jpg,malignant,1
Dataset/train/benign\694.jpg,benign,0
Dataset/train/benign\793.jpg,benign,0
Dataset/train/malignant\383.jpg,malignant,1
Dataset/train/malignant\699.jpg,malignant,1
Dataset/train/benign\393.jpg,benign,0
Dataset/train/malignant\1275.jpg,malignant,1
Dataset/train/benign\1065.jpg,benign,0
Dataset/train/benign\1323.jpg,benign,0
Dataset/train/malignant\830.jpg,malignant,1
Dataset/train/benign\747.jpg,benign,0
Dataset/train/benign\364.jpg,benign,0
Dataset/train/benign\507.jpg,benign,0
Dataset/train/benign\1158.jpg,benign,0
Dataset/train/benign\1720.jpg,benign,0
Dataset/train/malignant\690.jpg,malignant,1
Dataset/train/malignant\1168.jpg,malignant,1
Dataset/train/benign\281.jpg,benign,0
Dataset/train/benign\737.jpg,benign,0
Dataset/train/benign\42.jpg,benign,0
Dataset/train/malignant\1178.jpg,malignant,1
Dataset/train/benign\1103.jpg,benign,0
Dataset/train/benign\297.jpg,benign,0
Dataset/train/benign\1791.jpg,benign,0
Dataset/train/benign\1154.jpg,benign,0
Dataset/train/malignant\443.jpg,malignant,1
Dataset/train/benign\709.jpg,benign,0
Dataset/train/benign\220.jpg,benign,0
Dataset/train/malignant\1341.jpg,malignant,1
Dataset/train/malignant\1040.jpg,malignant,1
Dataset/train/benign\1507.jpg,benign,0
Dataset/train/malignant\462.jpg,malignant,1
Dataset/train/benign\815.jpg,benign,0
Dataset/train/malignant\1127.jpg,malignant,1
Dataset/train/benign\1767.jpg,benign,0
Dataset/train/benign\1178.jpg,benign,0
Dataset/train/benign\857.jpg,benign,0
Dataset/train/malignant\659.jpg,malignant,1
Dataset/train/malignant\78.jpg,malignant,1
Dataset/train/malignant\233.jpg,malignant,1
Dataset/train/malignant\478.jpg,malignant,1
Dataset/train/malignant\365.jpg,malignant,1
Dataset/train/malignant\1259.jpg,malignant,1
Dataset/train/malignant\965.jpg,malignant,1
Dataset/train/benign\471.jpg,benign,0
Dataset/train/malignant\959.jpg,malignant,1
Dataset/train/benign\866.jpg,benign,0
Dataset/train/benign\727.jpg,benign,0
Dataset/train/benign\653.jpg,benign,0
Dataset/train/benign\125.jpg,benign,0
Dataset/train/malignant\1076.jpg,malignant,1
Dataset/train/malignant\451.jpg,malignant,1
Dataset/train/malignant\1015.jpg,malignant,1
Dataset/train/benign\1434.jpg,benign,0
Dataset/train/benign\882.jpg,benign,0
Dataset/train/malignant\80.jpg,malignant,1
Dataset/train/benign\731.jpg,benign,0
Dataset/train/benign\1073.jpg,benign,0
Dataset/train/malignant\332.jpg,malignant,1
Dataset/train/benign\842.jpg,benign,0
Dataset/train/benign\13.jpg,benign,0
Dataset/train/benign\133.jpg,benign,0
Dataset/train/benign\1281.jpg,benign,0
Dataset/train/malignant\752.jpg,malignant,1
Dataset/train/malignant\363.jpg,malignant,1
Dataset/train/benign\1616.jpg,benign,0
Dataset/train/malignant\178.jpg,malignant,1
Dataset/train/malignant\64.jpg,malignant,1
Dataset/train/malignant\379.jpg,malignant,1
Dataset/train/malignant\304.jpg,malignant,1
Dataset/train/benign\522.jpg,benign,0
Dataset/train/benign\1012.jpg,benign,0
Dataset/train/benign\265.jpg,benign,0
Dataset/train/benign\1157.jpg,benign,0
Dataset/train/benign\1790.jpg,benign,0
Dataset/train/benign\1668.jpg,benign,0
Dataset/train/benign\1752.jpg,benign,0
Dataset/train/malignant\429.jpg,malignant,1
Dataset/train/benign\1795.jpg,benign,0
Dataset/train/malignant\1143.jpg,malignant,1
Dataset/train/benign\96.jpg,benign,0
Dataset/train/malignant\683.jpg,malignant,1
Dataset/train/benign\101.jpg,benign,0
Dataset/train/malignant\1018.jpg,malignant,1
Dataset/train/benign\911.jpg,benign,0
Dataset/train/malignant\1060.jpg,malignant,1
Dataset/train/benign\1459.jpg,benign,0
Dataset/train/benign\607.jpg,benign,0
Dataset/train/benign\79.jpg,benign,0
Dataset/train/malignant\618.jpg,malignant,1
Dataset/train/benign\803.jpg,benign,0
Dataset/train/benign\555.jpg,benign,0
Dataset/train/benign\17.jpg,benign,0
Dataset/train/benign\1049.jpg,benign,0
Dataset/train/malignant\857.jpg,malignant,1
Dataset/train/malignant\684.jpg,malignant,1
Dataset/train/benign\795.jpg,benign,0
Dataset/train/malignant\662.jpg,malignant,1
Dataset/train/malignant\95.jpg,malignant,1
Dataset/train/malignant\133.jpg,malignant,1
Dataset/train/benign\541.jpg,benign,0
Dataset/train/malignant\558.jpg,malignant,1
Dataset/train/malignant\1318.jpg,malignant,1
Dataset/train/benign\608.jpg,benign,0
Dataset/train/malignant\18.jpg,malignant,1
Dataset/train/benign\1009.jpg,benign,0
Dataset/train/benign\504.jpg,benign,0
Dataset/train/benign\1075.jpg,benign,0
Dataset/train/benign\202.jpg,benign,0
Dataset/train/benign\347.jpg,benign,0
Dataset/train/benign\1218.jpg,benign,0
Dataset/train/benign\14.jpg,benign,0
Dataset/train/malignant\780.jpg,malignant,1
Dataset/train/malignant\957.jpg,malignant,1
Dataset/train/benign\1503.jpg,benign,0
Dataset/train/benign\514.jpg,benign,0
Dataset/train/malignant\305.jpg,malignant,1
Dataset/train/malignant\1331.jpg,malignant,1
Dataset/train/benign\859.jpg,benign,0
Dataset/train/benign\1539.jpg,benign,0
Dataset/train/benign\656.jpg,benign,0
Dataset/train/benign\1550.jpg,benign,0
Dataset/train/malignant\499.jpg,malignant,1
Dataset/train/benign\1638.jpg,benign,0
Dataset/train/benign\1562.jpg,benign,0
Dataset/train/benign\776.jpg,benign,0
Dataset/train/benign\1057.jpg,benign,0
Dataset/train/benign\1693.jpg,benign,0
Dataset/train/malignant\159.jpg,malignant,1
Dataset/train/benign\1136.jpg,benign,0
Dataset/train/benign\716.jpg,benign,0
Dataset/train/malignant\990.jpg,malignant,1
Dataset/train/malignant\1468.jpg,malignant,1
Dataset/train/benign\1487.jpg,benign,0
Dataset/train/benign\876.jpg,benign,0
Dataset/train/benign\1295.jpg,benign,0
Dataset/train/benign\1782.jpg,benign,0
Dataset/train/benign\397.jpg,benign,0
Dataset/train/malignant\635.jpg,malignant,1
Dataset/train/benign\1673.jpg,benign,0
Dataset/train/benign\1727.jpg,benign,0
Dataset/train/malignant\1475.jpg,malignant,1
Dataset/train/benign\465.jpg,benign,0
Dataset/train/malignant\1255.jpg,malignant,1
Dataset/train/benign\808.jpg,benign,0
Dataset/train/malignant\1397.jpg,malignant,1
Dataset/train/malignant\1144.jpg,malignant,1
Dataset/train/benign\1707.jpg,benign,0
Dataset/train/benign\417.jpg,benign,0
Dataset/train/malignant\1491.jpg,malignant,1
Dataset/train/benign\594.jpg,benign,0
Dataset/train/malignant\753.jpg,malignant,1
Dataset/train/benign\174.jpg,benign,0
Dataset/train/benign\858.jpg,benign,0
Dataset/train/benign\1517.jpg,benign,0
Dataset/train/benign\1405.jpg,benign,0
Dataset/train/benign\129.jpg,benign,0
Dataset/train/malignant\654.jpg,malignant,1
Dataset/train/malignant\221.jpg,malignant,1
Dataset/train/malignant\1246.jpg,malignant,1
Dataset/train/malignant\302.jpg,malignant,1
Dataset/train/malignant\354.jpg,malignant,1
Dataset/train/malignant\1496.jpg,malignant,1
Dataset/train/benign\121.jpg,benign,0
Dataset/train/malignant\319.jpg,malignant,1
Dataset/train/benign\1190.jpg,benign,0
Dataset/train/malignant\1008.jpg,malignant,1
Dataset/train/malignant\406.jpg,malignant,1
Dataset/train/benign\1654.jpg,benign,0
Dataset/train/benign\89.jpg,benign,0
Dataset/train/malignant\298.jpg,malignant,1
Dataset/train/benign\1111.jpg,benign,0
Dataset/train/benign\706.jpg,benign,0
Dataset/train/malignant\1349.jpg,malignant,1
Dataset/train/benign\569.jpg,benign,0
Dataset/train/malignant\1316.jpg,malignant,1
Dataset/train/malignant\506.jpg,malignant,1
Dataset/train/benign\1649.jpg,benign,0
Dataset/train/benign\1614.jpg,benign,0
Dataset/train/malignant\702.jpg,malignant,1
Dataset/train/benign\359.jpg,benign,0
Dataset/train/malignant\1226.jpg,malignant,1
Dataset/train/malignant\244.jpg,malignant,1
Dataset/train/benign\189.jpg,benign,0
Dataset/train/malignant\1199.jpg,malignant,1
Dataset/train/malignant\1206.jpg,malignant,1
Dataset/train/benign\1636.jpg,benign,0
Dataset/train/malignant\1477.jpg,malignant,1
Dataset/train/benign\792.jpg,benign,0
Dataset/train/benign\1599.jpg,benign,0
Dataset/train/benign\234.jpg,benign,0
Dataset/train/benign\430.jpg,benign,0
Dataset/train/malignant\625.jpg,malignant,1
Dataset/train/malignant\453.jpg,malignant,1
Dataset/train/benign\1750.jpg,benign,0
Dataset/train/malignant\254.jpg,malignant,1
Dataset/train/malignant\188.jpg,malignant,1
Dataset/train/benign\713.jpg,benign,0
Dataset/train/malignant\1388.jpg,malignant,1
Dataset/train/malignant\1095.jpg,malignant,1
Dataset/train/malignant\51.jpg,malignant,1
Dataset/train/malignant\1435.jpg,malignant,1
Dataset/train/malignant\486.jpg,malignant,1
Dataset/train/malignant\1114.jpg,malignant,1
Dataset/train/benign\488.jpg,benign,0
Dataset/train/malignant\280.jpg,malignant,1
Dataset/train/benign\1792.jpg,benign,0
Dataset/train/malignant\1408.jpg,malignant,1
Dataset/train/malignant\929.jpg,malignant,1
Dataset/train/benign\307.jpg,benign,0
Dataset/train/malignant\600.jpg,malignant,1
Dataset/train/benign\1533.jpg,benign,0
Dataset/train/malignant\1253.jpg,malignant,1
Dataset/train/benign\1712.jpg,benign,0
Dataset/train/malignant\1175.jpg,malignant,1
Dataset/train/malignant\1416.jpg,malignant,1
Dataset/train/benign\959.jpg,benign,0
Dataset/train/benign\833.jpg,benign,0
Dataset/train/benign\1348.jpg,benign,0
Dataset/train/malignant\1291.jpg,malignant,1
Dataset/train/malignant\986.jpg,malignant,1
Dataset/train/malignant\525.jpg,malignant,1
Dataset/train/malignant\1488.jpg,malignant,1
Dataset/train/benign\1437.jpg,benign,0
Dataset/train/benign\578.jpg,benign,0
Dataset/train/malignant\1219.jpg,malignant,1
Dataset/train/malignant\917.jpg,malignant,1
Dataset/train/benign\258.jpg,benign,0
Dataset/train/benign\1189.jpg,benign,0
Dataset/train/malignant\584.jpg,malignant,1
Dataset/train/malignant\69.jpg,malignant,1
Dataset/train/benign\1680.jpg,benign,0
Dataset/train/benign\1694.jpg,benign,0
Dataset/train/malignant\599.jpg,malignant,1
Dataset/train/benign\928.jpg,benign,0
Dataset/train/malignant\835.jpg,malignant,1
Dataset/train/malignant\283.jpg,malignant,1
Dataset/train/benign\875.jpg,benign,0
Dataset/train/malignant\1045.jpg,malignant,1
Dataset/train/benign\597.jpg,benign,0
Dataset/train/malignant\82.jpg,malignant,1
Dataset/train/malignant\1195.jpg,malignant,1
Dataset/train/malignant\781.jpg,malignant,1
Dataset/train/malignant\198.jpg,malignant,1
Dataset/train/benign\1308.jpg,benign,0
Dataset/train/benign\971.jpg,benign,0
Dataset/train/benign\1227.jpg,benign,0
Dataset/train/benign\55.jpg,benign,0
Dataset/train/benign\1793.jpg,benign,0
Dataset/train/benign\710.jpg,benign,0
Dataset/train/benign\516.jpg,benign,0
Dataset/train/malignant\169.jpg,malignant,1
Dataset/train/benign\632.jpg,benign,0
Dataset/train/malignant\1044.jpg,malignant,1
Dataset/train/malignant\998.jpg,malignant,1
Dataset/train/benign\674.jpg,benign,0
Dataset/train/benign\1453.jpg,benign,0
Dataset/train/malignant\608.jpg,malignant,1
Dataset/train/benign\945.jpg,benign,0
Dataset/train/benign\630.jpg,benign,0
Dataset/train/malignant\1081.jpg,malignant,1
Dataset/train/malignant\1445.jpg,malignant,1
Dataset/train/benign\867.jpg,benign,0
Dataset/train/malignant\1282.jpg,malignant,1
Dataset/train/malignant\633.jpg,malignant,1
Dataset/train/malignant\946.jpg,malignant,1
Dataset/train/malignant\720.jpg,malignant,1
Dataset/train/benign\65.jpg,benign,0
Dataset/train/malignant\1357.jpg,malignant,1
Dataset/train/malignant\358.jpg,malignant,1
Dataset/train/benign\920.jpg,benign,0
Dataset/train/malignant\116.jpg,malignant,1
Dataset/train/benign\602.jpg,benign,0
Dataset/train/benign\973.jpg,benign,0
Dataset/train/malignant\1039.jpg,malignant,1
Dataset/train/benign\767.jpg,benign,0
Dataset/train/benign\1436.jpg,benign,0
Dataset/train/malignant\829.jpg,malignant,1
Dataset/train/malignant\1321.jpg,malignant,1
Dataset/train/benign\1119.jpg,benign,0
Dataset/train/benign\1586.jpg,benign,0
Dataset/train/malignant\1483.jpg,malignant,1
Dataset/train/malignant\1265.jpg,malignant,1
Dataset/train/benign\1102.jpg,benign,0
Dataset/train/malignant\122.jpg,malignant,1
Dataset/train/benign\201.jpg,benign,0
Dataset/train/benign\235.jpg,benign,0
Dataset/train/benign\1698.jpg,benign,0
Dataset/train/benign\92.jpg,benign,0
Dataset/train/benign\798.jpg,benign,0
Dataset/train/malignant\513.jpg,malignant,1
Dataset/train/benign\884.jpg,benign,0
Dataset/train/malignant\723.jpg,malignant,1
Dataset/train/benign\460.jpg,benign,0
Dataset/train/benign\1527.jpg,benign,0
Dataset/train/malignant\1134.jpg,malignant,1
Dataset/train/benign\298.jpg,benign,0
Dataset/train/benign\100.jpg,benign,0
Dataset/train/benign\1098.jpg,benign,0
Dataset/train/malignant\831.jpg,malignant,1
Dataset/train/benign\326.jpg,benign,0
Dataset/train/benign\847.jpg,benign,0
Dataset/train/malignant\1047.jpg,malignant,1
Dataset/train/benign\1523.jpg,benign,0
Dataset/train/malignant\180.jpg,malignant,1
Dataset/train/benign\1476.jpg,benign,0
Dataset/train/benign\1147.jpg,benign,0
Dataset/train/malignant\401.jpg,malignant,1
Dataset/train/benign\1458.jpg,benign,0
Dataset/train/malignant\1006.jpg,malignant,1
Dataset/train/malignant\97.jpg,malignant,1
Dataset/train/benign\983.jpg,benign,0
Dataset/train/malignant\1057.jpg,malignant,1
Dataset/train/malignant\913.jpg,malignant,1
Dataset/train/benign\1541.jpg,benign,0
Dataset/train/malignant\326.jpg,malignant,1
Dataset/train/benign\1566.jpg,benign,0
Dataset/train/malignant\461.jpg,malignant,1
Dataset/train/benign\23.jpg,benign,0
Dataset/train/benign\1426.jpg,benign,0
Dataset/train/benign\108.jpg,benign,0
Dataset/train/benign\613.jpg,benign,0
Dataset/train/malignant\235.jpg,malignant,1
Dataset/train/malignant\629.jpg,malignant,1
Dataset/train/malignant\166.jpg,malignant,1
Dataset/train/benign\1438.jpg,benign,0
Dataset/train/malignant\1272.jpg,malignant,1
Dataset/train/malignant\1021.jpg,malignant,1
Dataset/train/malignant\20.jpg,malignant,1
Dataset/train/malignant\510.jpg,malignant,1
Dataset/train/benign\1175.jpg,benign,0
Dataset/train/benign\1670.jpg,benign,0
Dataset/train/malignant\105.jpg,malignant,1
Dataset/train/malignant\801.jpg,malignant,1
Dataset/train/malignant\491.jpg,malignant,1
Dataset/train/malignant\108.jpg,malignant,1
Dataset/train/benign\1058.jpg,benign,0
Dataset/train/malignant\320.jpg,malignant,1
Dataset/train/malignant\1201.jpg,malignant,1
Dataset/train/malignant\791.jpg,malignant,1
Dataset/train/benign\620.jpg,benign,0
Dataset/train/benign\1109.jpg,benign,0
Dataset/train/benign\19.jpg,benign,0
Dataset/train/benign\151.jpg,benign,0
Dataset/train/benign\691.jpg,benign,0
Dataset/train/benign\1653.jpg,benign,0
Dataset/train/benign\615.jpg,benign,0
Dataset/train/malignant\29.jpg,malignant,1
Dataset/train/benign\1456.jpg,benign,0
Dataset/train/benign\447.jpg,benign,0
Dataset/train/benign\1775.jpg,benign,0
Dataset/train/benign\1069.jpg,benign,0
Dataset/train/benign\693.jpg,benign,0
Dataset/train/benign\1451.jpg,benign,0
Dataset/train/benign\1185.jpg,benign,0
Dataset/train/malignant\14.jpg,malignant,1
Dataset/train/benign\1067.jpg,benign,0
Dataset/train/benign\52.jpg,benign,0
Dataset/train/benign\1356.jpg,benign,0
Dataset/train/malignant\729.jpg,malignant,1
Dataset/train/benign\1753.jpg,benign,0
Dataset/train/benign\902.jpg,benign,0
Dataset/train/benign\1726.jpg,benign,0
Dataset/train/malignant\473.jpg,malignant,1
Dataset/train/malignant\1298.jpg,malignant,1
Dataset/train/malignant\576.jpg,malignant,1
Dataset/train/benign\1571.jpg,benign,0
Dataset/train/benign\1587.jpg,benign,0
Dataset/train/malignant\766.jpg,malignant,1
Dataset/train/benign\1639.jpg,benign,0
Dataset/train/benign\1604.jpg,benign,0
Dataset/train/benign\1148.jpg,benign,0
Dataset/train/malignant\431.jpg,malignant,1
Dataset/train/malignant\1023.jpg,malignant,1
Dataset/train/benign\370.jpg,benign,0
Dataset/train/benign\1015.jpg,benign,0
Dataset/train/malignant\537.jpg,malignant,1
Dataset/train/benign\1691.jpg,benign,0
Dataset/train/malignant\147.jpg,malignant,1
Dataset/train/malignant\1301.jpg,malignant,1
Dataset/train/malignant\1122.jpg,malignant,1
Dataset/train/malignant\1182.jpg,malignant,1
Dataset/train/benign\1124.jpg,benign,0
Dataset/train/benign\1754.jpg,benign,0
Dataset/train/benign\650.jpg,benign,0
Dataset/train/benign\1529.jpg,benign,0
Dataset/train/malignant\580.jpg,malignant,1
Dataset/train/malignant\270.jpg,malignant,1
Dataset/train/benign\1370.jpg,benign,0
Dataset/train/benign\1182.jpg,benign,0
Dataset/train/malignant\988.jpg,malignant,1
Dataset/train/malignant\1048.jpg,malignant,1
Dataset/train/benign\1030.jpg,benign,0
Dataset/train/malignant\873.jpg,malignant,1
Dataset/train/malignant\115.jpg,malignant,1
Dataset/train/malignant\132.jpg,malignant,1
Dataset/train/malignant\1222.jpg,malignant,1
Dataset/train/malignant\541.jpg,malignant,1
Dataset/train/malignant\362.jpg,malignant,1
Dataset/train/malignant\274.jpg,malignant,1
Dataset/train/benign\384.jpg,benign,0
Dataset/train/benign\58.jpg,benign,0
Dataset/train/benign\365.jpg,benign,0
Dataset/train/malignant\1028.jpg,malignant,1
Dataset/train/malignant\376.jpg,malignant,1
Dataset/train/benign\325.jpg,benign,0
Dataset/train/malignant\681.jpg,malignant,1
Dataset/train/benign\1016.jpg,benign,0
Dataset/train/benign\1658.jpg,benign,0
Dataset/train/malignant\756.jpg,malignant,1
Dataset/train/malignant\398.jpg,malignant,1
Dataset/train/benign\1526.jpg,benign,0
Dataset/train/benign\76.jpg,benign,0
Dataset/train/benign\877.jpg,benign,0
Dataset/train/malignant\901.jpg,malignant,1
Dataset/train/malignant\412.jpg,malignant,1
Dataset/train/benign\755.jpg,benign,0
Dataset/train/malignant\311.jpg,malignant,1
Dataset/train/malignant\16.jpg,malignant,1
Dataset/train/malignant\1072.jpg,malignant,1
Dataset/train/benign\1327.jpg,benign,0
Dataset/train/malignant\502.jpg,malignant,1
Dataset/train/benign\329.jpg,benign,0
Dataset/train/malignant\107.jpg,malignant,1
Dataset/train/benign\865.jpg,benign,0
Dataset/train/malignant\246.jpg,malignant,1
Dataset/train/benign\1766.jpg,benign,0
Dataset/train/benign\1256.jpg,benign,0
Dataset/train/malignant\503.jpg,malignant,1
Dataset/train/benign\469.jpg,benign,0
Dataset/train/benign\639.jpg,benign,0
Dataset/train/malignant\996.jpg,malignant,1
Dataset/train/malignant\1441.jpg,malignant,1
Dataset/train/benign\850.jpg,benign,0
Dataset/train/benign\1659.jpg,benign,0
Dataset/train/benign\1551.jpg,benign,0
Dataset/train/benign\1734.jpg,benign,0
Dataset/train/benign\991.jpg,benign,0
Dataset/train/benign\543.jpg,benign,0
Dataset/train/benign\939.jpg,benign,0
Dataset/train/benign\1128.jpg,benign,0
Dataset/train/malignant\249.jpg,malignant,1
Dataset/train/malignant\688.jpg,malignant,1
Dataset/train/malignant\964.jpg,malignant,1
Dataset/train/benign\1301.jpg,benign,0
Dataset/train/malignant\1066.jpg,malignant,1
Dataset/train/malignant\973.jpg,malignant,1
Dataset/train/benign\1361.jpg,benign,0
Dataset/train/benign\941.jpg,benign,0
Dataset/train/malignant\1287.jpg,malignant,1
Dataset/train/malignant\837.jpg,malignant,1
Dataset/train/benign\1626.jpg,benign,0
Dataset/train/malignant\168.jpg,malignant,1
Dataset/train/malignant\290.jpg,malignant,1
Dataset/train/benign\328.jpg,benign,0
Dataset/train/benign\1071.jpg,benign,0
Dataset/train/benign\371.jpg,benign,0
Dataset/train/benign\1163.jpg,benign,0
Dataset/train/malignant\585.jpg,malignant,1
Dataset/train/malignant\916.jpg,malignant,1
Dataset/train/benign\1066.jpg,benign,0
Dataset/train/malignant\827.jpg,malignant,1
Dataset/train/benign\1001.jpg,benign,0
Dataset/train/benign\1235.jpg,benign,0
Dataset/train/benign\424.jpg,benign,0
Dataset/train/benign\1286.jpg,benign,0
Dataset/train/benign\1439.jpg,benign,0
Dataset/train/benign\839.jpg,benign,0
Dataset/train/benign\924.jpg,benign,0
Dataset/train/malignant\1338.jpg,malignant,1
Dataset/train/benign\1605.jpg,benign,0
Dataset/train/benign\451.jpg,benign,0
Dataset/train/benign\748.jpg,benign,0
Dataset/train/malignant\352.jpg,malignant,1
Dataset/train/malignant\840.jpg,malignant,1
Dataset/train/malignant\1471.jpg,malignant,1
Dataset/train/benign\1644.jpg,benign,0
Dataset/train/malignant\655.jpg,malignant,1
Dataset/train/benign\812.jpg,benign,0
Dataset/train/malignant\1250.jpg,malignant,1
Dataset/train/benign\935.jpg,benign,0
Dataset/train/benign\1211.jpg,benign,0
Dataset/train/benign\1234.jpg,benign,0
Dataset/train/malignant\523.jpg,malignant,1
Dataset/train/malignant\236.jpg,malignant,1
Dataset/train/benign\852.jpg,benign,0
Dataset/train/benign\412.jpg,benign,0
Dataset/train/malignant\616.jpg,malignant,1
Dataset/train/benign\1305.jpg,benign,0
Dataset/train/malignant\329.jpg,malignant,1
Dataset/train/malignant\1082.jpg,malignant,1
Dataset/train/benign\1326.jpg,benign,0
Dataset/train/malignant\1204.jpg,malignant,1
Dataset/train/benign\301.jpg,benign,0
Dataset/train/malignant\1106.jpg,malignant,1
Dataset/train/benign\1335.jpg,benign,0
Dataset/train/benign\539.jpg,benign,0
Dataset/train/benign\1349.jpg,benign,0
Dataset/train/benign\831.jpg,benign,0
Dataset/train/malignant\668.jpg,malignant,1
Dataset/train/benign\402.jpg,benign,0
Dataset/train/benign\1718.jpg,benign,0
Dataset/train/malignant\60.jpg,malignant,1
Dataset/train/benign\1213.jpg,benign,0
Dataset/train/benign\179.jpg,benign,0
Dataset/train/malignant\171.jpg,malignant,1
Dataset/train/benign\801.jpg,benign,0
Dataset/train/malignant\339.jpg,malignant,1
Dataset/train/malignant\1163.jpg,malignant,1
Dataset/train/malignant\1314.jpg,malignant,1
Dataset/train/malignant\782.jpg,malignant,1
Dataset/train/benign\410.jpg,benign,0
Dataset/train/benign\692.jpg,benign,0
Dataset/train/malignant\1062.jpg,malignant,1
Dataset/train/benign\754.jpg,benign,0
Dataset/train/benign\158.jpg,benign,0
Dataset/train/benign\937.jpg,benign,0
Dataset/train/benign\883.jpg,benign,0
Dataset/train/benign\149.jpg,benign,0
Dataset/train/benign\1511.jpg,benign,0
Dataset/train/malignant\745.jpg,malignant,1
Dataset/train/benign\756.jpg,benign,0
Dataset/train/malignant\978.jpg,malignant,1
Dataset/train/benign\1145.jpg,benign,0
Dataset/train/malignant\1148.jpg,malignant,1
Dataset/train/benign\1236.jpg,benign,0
Dataset/train/benign\1353.jpg,benign,0
Dataset/train/malignant\711.jpg,malignant,1
Dataset/train/benign\1730.jpg,benign,0
Dataset/train/benign\1619.jpg,benign,0
Dataset/train/malignant\207.jpg,malignant,1
Dataset/train/malignant\301.jpg,malignant,1
Dataset/train/benign\1418.jpg,benign,0
Dataset/train/benign\750.jpg,benign,0
Dataset/train/benign\386.jpg,benign,0
Dataset/train/benign\969.jpg,benign,0
Dataset/train/benign\1132.jpg,benign,0
Dataset/train/benign\834.jpg,benign,0
Dataset/train/malignant\703.jpg,malignant,1
Dataset/train/malignant\333.jpg,malignant,1
Dataset/train/malignant\941.jpg,malignant,1
Dataset/train/malignant\204.jpg,malignant,1
Dataset/train/benign\1063.jpg,benign,0
Dataset/train/benign\173.jpg,benign,0
Dataset/train/benign\640.jpg,benign,0
Dataset/train/benign\1513.jpg,benign,0
Dataset/train/benign\1666.jpg,benign,0
Dataset/train/benign\355.jpg,benign,0
Dataset/train/malignant\7.jpg,malignant,1
Dataset/train/malignant\1154.jpg,malignant,1
Dataset/train/malignant\1020.jpg,malignant,1
Dataset/train/malignant\353.jpg,malignant,1
Dataset/train/benign\736.jpg,benign,0
Dataset/train/benign\1397.jpg,benign,0
Dataset/train/malignant\1098.jpg,malignant,1
Dataset/train/malignant\229.jpg,malignant,1
Dataset/train/benign\1053.jpg,benign,0
Dataset/train/malignant\526.jpg,malignant,1
Dataset/train/benign\1751.jpg,benign,0
Dataset/train/malignant\1454.jpg,malignant,1
Dataset/train/benign\1387.jpg,benign,0
Dataset/train/malignant\314.jpg,malignant,1
Dataset/train/malignant\587.jpg,malignant,1
Dataset/train/benign\172.jpg,benign,0
Dataset/train/benign\1494.jpg,benign,0
Dataset/train/malignant\969.jpg,malignant,1
Dataset/train/benign\1699.jpg,benign,0
Dataset/train/malignant\88.jpg,malignant,1
Dataset/train/malignant\1100.jpg,malignant,1
Dataset/train/malignant\63.jpg,malignant,1
Dataset/train/malignant\492.jpg,malignant,1
Dataset/train/malignant\710.jpg,malignant,1
Dataset/train/benign\1425.jpg,benign,0
Dataset/train/benign\500.jpg,benign,0
Dataset/train/malignant\1043.jpg,malignant,1
Dataset/train/malignant\515.jpg,malignant,1
Dataset/train/malignant\1334.jpg,malignant,1
Dataset/train/benign\730.jpg,benign,0
Dataset/train/malignant\1116.jpg,malignant,1
Dataset/train/malignant\37.jpg,malignant,1
Dataset/train/benign\117.jpg,benign,0
Dataset/train/benign\821.jpg,benign,0
Dataset/train/benign\241.jpg,benign,0
Dataset/train/benign\1116.jpg,benign,0
Dataset/train/benign\1394.jpg,benign,0
Dataset/train/benign\1618.jpg,benign,0
Dataset/train/benign\927.jpg,benign,0
Dataset/train/benign\530.jpg,benign,0
Dataset/train/benign\765.jpg,benign,0
Dataset/train/malignant\567.jpg,malignant,1
Dataset/train/benign\48.jpg,benign,0
Dataset/train/benign\666.jpg,benign,0
Dataset/train/benign\358.jpg,benign,0
Dataset/train/benign\811.jpg,benign,0
Dataset/train/benign\1462.jpg,benign,0
Dataset/train/malignant\708.jpg,malignant,1
Dataset/train/malignant\119.jpg,malignant,1
Dataset/train/benign\1392.jpg,benign,0
Dataset/train/benign\176.jpg,benign,0
Dataset/train/malignant\1375.jpg,malignant,1
Dataset/train/malignant\23.jpg,malignant,1
Dataset/train/benign\401.jpg,benign,0
Dataset/train/malignant\1241.jpg,malignant,1
Dataset/train/malignant\316.jpg,malignant,1
Dataset/train/benign\152.jpg,benign,0
Dataset/train/malignant\1387.jpg,malignant,1
Dataset/train/malignant\295.jpg,malignant,1
Dataset/train/benign\952.jpg,benign,0
Dataset/train/benign\579.jpg,benign,0
Dataset/train/benign\94.jpg,benign,0
Dataset/train/benign\1569.jpg,benign,0
Dataset/train/malignant\1196.jpg,malignant,1
Dataset/train/malignant\408.jpg,malignant,1
Dataset/train/benign\614.jpg,benign,0
Dataset/train/benign\409.jpg,benign,0
Dataset/train/benign\1403.jpg,benign,0
Dataset/train/benign\1505.jpg,benign,0
Dataset/train/benign\1598.jpg,benign,0
Dataset/train/malignant\816.jpg,malignant,1
Dataset/train/benign\1429.jpg,benign,0
Dataset/train/malignant\1394.jpg,malignant,1
Dataset/train/malignant\267.jpg,malignant,1
Dataset/train/benign\1228.jpg,benign,0
Dataset/train/benign\933.jpg,benign,0
Dataset/train/benign\1749.jpg,benign,0
Dataset/train/malignant\484.jpg,malignant,1
Dataset/train/benign\513.jpg,benign,0
Dataset/train/benign\1452.jpg,benign,0
Dataset/train/benign\1324.jpg,benign,0
Dataset/train/malignant\1092.jpg,malignant,1
Dataset/train/benign\1304.jpg,benign,0
Dataset/train/malignant\442.jpg,malignant,1
Dataset/train/malignant\863.jpg,malignant,1
Dataset/train/benign\789.jpg,benign,0
Dataset/train/benign\942.jpg,benign,0
Dataset/train/benign\406.jpg,benign,0
Dataset/train/benign\1770.jpg,benign,0
Dataset/train/benign\25.jpg,benign,0
Dataset/train/benign\610.jpg,benign,0
Dataset/train/malignant\1239.jpg,malignant,1
Dataset/train/benign\913.jpg,benign,0
Dataset/train/malignant\1109.jpg,malignant,1
Dataset/train/benign\4.jpg,benign,0
Dataset/train/malignant\240.jpg,malignant,1
Dataset/train/benign\209.jpg,benign,0
Dataset/train/malignant\692.jpg,malignant,1
Dataset/train/benign\1260.jpg,benign,0
Dataset/train/malignant\748.jpg,malignant,1
Dataset/train/malignant\12.jpg,malignant,1
Dataset/train/malignant\544.jpg,malignant,1
Dataset/train/malignant\1097.jpg,malignant,1
Dataset/train/benign\107.jpg,benign,0
Dataset/train/benign\1543.jpg,benign,0
Dataset/train/benign\244.jpg,benign,0
Dataset/train/malignant\1118.jpg,malignant,1
Dataset/train/benign\800.jpg,benign,0
Dataset/train/malignant\49.jpg,malignant,1
Dataset/train/benign\1408.jpg,benign,0
Dataset/train/malignant\666.jpg,malignant,1
Dataset/train/benign\940.jpg,benign,0
Dataset/train/malignant\1462.jpg,malignant,1
Dataset/train/malignant\1500.jpg,malignant,1
Dataset/train/malignant\417.jpg,malignant,1
Dataset/train/malignant\337.jpg,malignant,1
Dataset/train/benign\1051.jpg,benign,0
Dataset/train/malignant\876.jpg,malignant,1
Dataset/train/malignant\106.jpg,malignant,1
Dataset/train/benign\264.jpg,benign,0
Dataset/train/benign\680.jpg,benign,0
Dataset/train/malignant\1016.jpg,malignant,1
Dataset/train/malignant\1276.jpg,malignant,1
Dataset/train/benign\977.jpg,benign,0
Dataset/train/benign\601.jpg,benign,0
Dataset/train/benign\1700.jpg,benign,0
Dataset/train/malignant\350.jpg,malignant,1
Dataset/train/benign\769.jpg,benign,0
Dataset/train/malignant\1288.jpg,malignant,1
Dataset/train/benign\1446.jpg,benign,0
Dataset/train/malignant\799.jpg,malignant,1
Dataset/train/malignant\972.jpg,malignant,1
Dataset/train/benign\1104.jpg,benign,0
Dataset/train/benign\132.jpg,benign,0
Dataset/train/malignant\1448.jpg,malignant,1
Dataset/train/malignant\954.jpg,malignant,1
Dataset/train/benign\1100.jpg,benign,0
Dataset/train/benign\918.jpg,benign,0
Dataset/train/benign\1728.jpg,benign,0
Dataset/train/benign\961.jpg,benign,0
Dataset/train/benign\146.jpg,benign,0
Dataset/train/benign\1014.jpg,benign,0
Dataset/train/benign\1089.jpg,benign,0
Dataset/train/malignant\1313.jpg,malignant,1
Dataset/train/benign\468.jpg,benign,0
Dataset/train/benign\75.jpg,benign,0
Dataset/train/benign\1643.jpg,benign,0
Dataset/train/malignant\397.jpg,malignant,1
Dataset/train/malignant\785.jpg,malignant,1
Dataset/train/benign\1271.jpg,benign,0
Dataset/train/benign\1404.jpg,benign,0
Dataset/train/malignant\1124.jpg,malignant,1
Dataset/train/malignant\755.jpg,malignant,1
Dataset/train/malignant\907.jpg,malignant,1
Dataset/train/benign\1047.jpg,benign,0
Dataset/train/malignant\896.jpg,malignant,1
Dataset/train/malignant\627.jpg,malignant,1
Dataset/train/benign\604.jpg,benign,0
Dataset/train/benign\525.jpg,benign,0
Dataset/train/malignant\327.jpg,malignant,1
Dataset/train/malignant\226.jpg,malignant,1
Dataset/train/malignant\109.jpg,malignant,1
Dataset/train/benign\195.jpg,benign,0
Dataset/train/malignant\291.jpg,malignant,1
Dataset/train/benign\702.jpg,benign,0
Dataset/train/benign\889.jpg,benign,0
Dataset/train/benign\1590.jpg,benign,0
Dataset/train/benign\827.jpg,benign,0
